Respondent_ID,Date,State,Region,Age_Group,Gender,Candidate,Voting_Issue,Confidence_Level,Latitude,Longitude
1,2024-04-01 00:00:00,Bihar,Urban,35-44,Male,Candidate C,Inflation,2,25.0961,85.3131
2,2024-04-01 01:00:00,Rajasthan,Urban,35-44,Male,Candidate C,Infrastructure,5,27.0238,74.2179
3,2024-04-01 02:00:00,Punjab,Urban,35-44,Female,Candidate C,Education,3,31.1471,75.3412
4,2024-04-01 03:00:00,Odisha,Rural,45+,Male,Candidate B,Inflation,2,20.9517,85.0985
5,2024-04-01 04:00:00,Telangana,Rural,18-24,Male,Candidate A,Education,3,18.1124,79.0193
6,2024-04-01 05:00:00,West Bengal,Urban,25-34,Male,Candidate A,Education,2,22.9868,87.855
7,2024-04-01 06:00:00,Punjab,Urban,18-24,Female,Candidate B,Healthcare,5,31.1471,75.3412
8,2024-04-01 07:00:00,Madhya Pradesh,Urban,25-34,Male,Candidate A,Inflation,3,22.9734,78.6569
9,2024-04-01 08:00:00,Bihar,Urban,45+,Male,Candidate B,Infrastructure,3,25.0961,85.3131
10,2024-04-01 09:00:00,Kerala,Urban,45+,Female,Candidate A,Education,3,10.8505,76.2711
11,2024-04-01 10:00:00,Gujarat,Rural,45+,Female,Candidate A,Healthcare,2,22.2587,71.1924
12,2024-04-01 11:00:00,Bihar,Urban,45+,Female,Candidate B,Inflation,4,25.0961,85.3131
13,2024-04-01 12:00:00,Telangana,Rural,25-34,Male,Candidate B,Inflation,5,18.1124,79.0193
14,2024-04-01 13:00:00,Telangana,Rural,35-44,Male,Candidate B,Jobs,3,18.1124,79.0193
15,2024-04-01 14:00:00,West Bengal,Urban,25-34,Male,Candidate B,Jobs,4,22.9868,87.855
16,2024-04-01 15:00:00,Madhya Pradesh,Rural,18-24,Female,Candidate A,Education,5,22.9734,78.6569
17,2024-04-01 16:00:00,Rajasthan,Rural,45+,Male,Candidate A,Jobs,5,27.0238,74.2179
18,2024-04-01 17:00:00,West Bengal,Urban,45+,Male,Candidate C,Education,3,22.9868,87.855
19,2024-04-01 18:00:00,West Bengal,Urban,18-24,Female,Candidate B,Infrastructure,3,22.9868,87.855
20,2024-04-01 19:00:00,Gujarat,Rural,25-34,Female,Candidate A,Education,2,22.2587,71.1924
21,2024-04-01 20:00:00,Uttar Pradesh,Rural,35-44,Female,Candidate C,Jobs,4,26.8467,80.9462
22,2024-04-01 21:00:00,Madhya Pradesh,Rural,35-44,Female,Candidate A,Infrastructure,4,22.9734,78.6569
23,2024-04-01 22:00:00,Karnataka,Rural,18-24,Female,Candidate B,Jobs,3,15.3173,75.7139
24,2024-04-01 23:00:00,West Bengal,Rural,35-44,Male,Candidate A,Education,5,22.9868,87.855
25,2024-04-02 00:00:00,Andhra Pradesh,Rural,25-34,Female,Candidate B,Healthcare,3,15.9129,79.74
26,2024-04-02 01:00:00,Haryana,Rural,25-34,Male,Candidate B,Inflation,5,29.0588,76.0856
27,2024-04-02 02:00:00,Uttar Pradesh,Rural,18-24,Male,Candidate A,Jobs,5,26.8467,80.9462
28,2024-04-02 03:00:00,Karnataka,Urban,25-34,Female,Candidate C,Education,3,15.3173,75.7139
29,2024-04-02 04:00:00,Andhra Pradesh,Urban,45+,Female,Candidate A,Infrastructure,1,15.9129,79.74
30,2024-04-02 05:00:00,Madhya Pradesh,Rural,18-24,Female,Candidate A,Jobs,4,22.9734,78.6569
31,2024-04-02 06:00:00,Maharashtra,Urban,25-34,Male,Candidate A,Jobs,5,19.7515,75.7139
32,2024-04-02 07:00:00,Andhra Pradesh,Urban,18-24,Female,Candidate A,Inflation,5,15.9129,79.74
33,2024-04-02 08:00:00,Kerala,Rural,35-44,Female,Candidate A,Education,1,10.8505,76.2711
34,2024-04-02 09:00:00,Uttar Pradesh,Urban,25-34,Female,Candidate B,Healthcare,2,26.8467,80.9462
35,2024-04-02 10:00:00,Punjab,Urban,45+,Female,Candidate C,Infrastructure,1,31.1471,75.3412
36,2024-04-02 11:00:00,Andhra Pradesh,Rural,25-34,Female,Candidate B,Education,1,15.9129,79.74
37,2024-04-02 12:00:00,Tamil Nadu,Rural,18-24,Male,Candidate A,Infrastructure,5,11.1271,78.6569
38,2024-04-02 13:00:00,Maharashtra,Urban,18-24,Male,Candidate A,Jobs,4,19.7515,75.7139
39,2024-04-02 14:00:00,Telangana,Rural,25-34,Male,Candidate A,Inflation,1,18.1124,79.0193
40,2024-04-02 15:00:00,Telangana,Rural,45+,Female,Candidate A,Inflation,2,18.1124,79.0193
41,2024-04-02 16:00:00,Odisha,Urban,45+,Female,Candidate C,Healthcare,3,20.9517,85.0985
42,2024-04-02 17:00:00,Kerala,Urban,45+,Female,Candidate A,Inflation,1,10.8505,76.2711
43,2024-04-02 18:00:00,Andhra Pradesh,Rural,18-24,Male,Candidate B,Jobs,1,15.9129,79.74
44,2024-04-02 19:00:00,Andhra Pradesh,Urban,25-34,Female,Candidate C,Healthcare,2,15.9129,79.74
45,2024-04-02 20:00:00,Odisha,Urban,35-44,Female,Candidate B,Education,4,20.9517,85.0985
46,2024-04-02 21:00:00,Haryana,Urban,18-24,Female,Candidate C,Inflation,1,29.0588,76.0856
47,2024-04-02 22:00:00,Haryana,Urban,45+,Male,Candidate B,Healthcare,1,29.0588,76.0856
48,2024-04-02 23:00:00,Odisha,Urban,25-34,Female,Candidate B,Jobs,4,20.9517,85.0985
49,2024-04-03 00:00:00,Haryana,Urban,45+,Male,Candidate B,Infrastructure,2,29.0588,76.0856
50,2024-04-03 01:00:00,Gujarat,Rural,35-44,Female,Candidate B,Infrastructure,1,22.2587,71.1924
51,2024-04-03 02:00:00,Andhra Pradesh,Urban,45+,Male,Candidate A,Jobs,4,15.9129,79.74
52,2024-04-03 03:00:00,Bihar,Rural,45+,Male,Candidate A,Jobs,1,25.0961,85.3131
53,2024-04-03 04:00:00,Rajasthan,Urban,35-44,Male,Candidate A,Infrastructure,3,27.0238,74.2179
54,2024-04-03 05:00:00,Tamil Nadu,Rural,25-34,Female,Candidate B,Healthcare,5,11.1271,78.6569
55,2024-04-03 06:00:00,Gujarat,Urban,18-24,Female,Candidate A,Infrastructure,3,22.2587,71.1924
56,2024-04-03 07:00:00,Madhya Pradesh,Rural,25-34,Male,NOTA,Jobs,1,22.9734,78.6569
57,2024-04-03 08:00:00,Gujarat,Urban,35-44,Male,Candidate B,Inflation,2,22.2587,71.1924
58,2024-04-03 09:00:00,Bihar,Rural,45+,Female,Candidate A,Education,5,25.0961,85.3131
59,2024-04-03 10:00:00,Madhya Pradesh,Rural,25-34,Female,Candidate A,Inflation,3,22.9734,78.6569
60,2024-04-03 11:00:00,Tamil Nadu,Urban,18-24,Male,Candidate C,Inflation,4,11.1271,78.6569
61,2024-04-03 12:00:00,Bihar,Rural,35-44,Female,Candidate C,Jobs,2,25.0961,85.3131
62,2024-04-03 13:00:00,Karnataka,Urban,25-34,Female,Candidate B,Infrastructure,3,15.3173,75.7139
63,2024-04-03 14:00:00,Rajasthan,Urban,18-24,Female,Candidate A,Healthcare,4,27.0238,74.2179
64,2024-04-03 15:00:00,Tamil Nadu,Urban,35-44,Female,Candidate A,Inflation,1,11.1271,78.6569
65,2024-04-03 16:00:00,Andhra Pradesh,Urban,18-24,Male,Candidate A,Infrastructure,4,15.9129,79.74
66,2024-04-03 17:00:00,Haryana,Urban,35-44,Female,Candidate A,Healthcare,3,29.0588,76.0856
67,2024-04-03 18:00:00,Karnataka,Urban,45+,Female,Candidate C,Inflation,3,15.3173,75.7139
68,2024-04-03 19:00:00,Kerala,Rural,25-34,Male,Candidate B,Healthcare,1,10.8505,76.2711
69,2024-04-03 20:00:00,Tamil Nadu,Urban,18-24,Male,Candidate B,Infrastructure,4,11.1271,78.6569
70,2024-04-03 21:00:00,Kerala,Urban,35-44,Female,Candidate C,Education,4,10.8505,76.2711
71,2024-04-03 22:00:00,Madhya Pradesh,Urban,18-24,Female,Candidate B,Infrastructure,1,22.9734,78.6569
72,2024-04-03 23:00:00,Karnataka,Urban,18-24,Female,Candidate B,Jobs,4,15.3173,75.7139
73,2024-04-04 00:00:00,Rajasthan,Urban,25-34,Female,Candidate A,Healthcare,1,27.0238,74.2179
74,2024-04-04 01:00:00,Andhra Pradesh,Rural,45+,Male,NOTA,Education,2,15.9129,79.74
75,2024-04-04 02:00:00,Odisha,Urban,18-24,Male,Candidate A,Healthcare,3,20.9517,85.0985
76,2024-04-04 03:00:00,Andhra Pradesh,Urban,35-44,Male,NOTA,Healthcare,2,15.9129,79.74
77,2024-04-04 04:00:00,Bihar,Urban,35-44,Female,Candidate C,Inflation,5,25.0961,85.3131
78,2024-04-04 05:00:00,Andhra Pradesh,Urban,45+,Female,Candidate A,Jobs,5,15.9129,79.74
79,2024-04-04 06:00:00,Punjab,Rural,35-44,Female,Candidate B,Healthcare,5,31.1471,75.3412
80,2024-04-04 07:00:00,West Bengal,Urban,45+,Female,Candidate C,Infrastructure,1,22.9868,87.855
81,2024-04-04 08:00:00,Odisha,Rural,35-44,Male,Candidate B,Infrastructure,4,20.9517,85.0985
82,2024-04-04 09:00:00,Gujarat,Rural,25-34,Male,Candidate C,Inflation,2,22.2587,71.1924
83,2024-04-04 10:00:00,Haryana,Urban,18-24,Female,NOTA,Jobs,2,29.0588,76.0856
84,2024-04-04 11:00:00,Maharashtra,Rural,25-34,Male,Candidate A,Jobs,2,19.7515,75.7139
85,2024-04-04 12:00:00,Rajasthan,Urban,18-24,Female,Candidate A,Infrastructure,2,27.0238,74.2179
86,2024-04-04 13:00:00,Karnataka,Rural,18-24,Female,NOTA,Education,5,15.3173,75.7139
87,2024-04-04 14:00:00,West Bengal,Urban,18-24,Male,Candidate B,Inflation,2,22.9868,87.855
88,2024-04-04 15:00:00,Rajasthan,Rural,25-34,Female,Candidate A,Inflation,4,27.0238,74.2179
89,2024-04-04 16:00:00,Karnataka,Urban,18-24,Female,Candidate A,Infrastructure,5,15.3173,75.7139
90,2024-04-04 17:00:00,Haryana,Urban,25-34,Male,Candidate B,Infrastructure,2,29.0588,76.0856
91,2024-04-04 18:00:00,Uttar Pradesh,Urban,45+,Female,NOTA,Education,1,26.8467,80.9462
92,2024-04-04 19:00:00,Uttar Pradesh,Rural,35-44,Female,Candidate C,Education,3,26.8467,80.9462
93,2024-04-04 20:00:00,Kerala,Rural,35-44,Male,Candidate B,Jobs,3,10.8505,76.2711
94,2024-04-04 21:00:00,Rajasthan,Rural,18-24,Female,Candidate A,Inflation,3,27.0238,74.2179
95,2024-04-04 22:00:00,Uttar Pradesh,Urban,25-34,Male,Candidate A,Inflation,5,26.8467,80.9462
96,2024-04-04 23:00:00,Punjab,Rural,35-44,Female,Candidate C,Infrastructure,2,31.1471,75.3412
97,2024-04-05 00:00:00,Odisha,Urban,25-34,Male,Candidate A,Jobs,5,20.9517,85.0985
98,2024-04-05 01:00:00,Karnataka,Urban,25-34,Male,Candidate A,Inflation,4,15.3173,75.7139
99,2024-04-05 02:00:00,Kerala,Urban,18-24,Male,Candidate A,Jobs,1,10.8505,76.2711
100,2024-04-05 03:00:00,Andhra Pradesh,Rural,35-44,Female,Candidate B,Jobs,1,15.9129,79.74
101,2024-04-05 04:00:00,Karnataka,Urban,18-24,Male,NOTA,Infrastructure,3,15.3173,75.7139
102,2024-04-05 05:00:00,Kerala,Urban,18-24,Male,Candidate A,Jobs,3,10.8505,76.2711
103,2024-04-05 06:00:00,Haryana,Rural,35-44,Male,Candidate B,Education,3,29.0588,76.0856
104,2024-04-05 07:00:00,Rajasthan,Urban,35-44,Male,Candidate B,Education,2,27.0238,74.2179
105,2024-04-05 08:00:00,Haryana,Urban,45+,Male,NOTA,Healthcare,4,29.0588,76.0856
106,2024-04-05 09:00:00,Odisha,Urban,45+,Female,Candidate A,Infrastructure,4,20.9517,85.0985
107,2024-04-05 10:00:00,Odisha,Urban,25-34,Female,Candidate B,Healthcare,4,20.9517,85.0985
108,2024-04-05 11:00:00,West Bengal,Urban,35-44,Female,Candidate A,Education,4,22.9868,87.855
109,2024-04-05 12:00:00,Haryana,Urban,45+,Female,Candidate C,Healthcare,3,29.0588,76.0856
110,2024-04-05 13:00:00,Bihar,Rural,25-34,Female,Candidate B,Infrastructure,1,25.0961,85.3131
111,2024-04-05 14:00:00,Andhra Pradesh,Urban,25-34,Female,Candidate A,Infrastructure,3,15.9129,79.74
112,2024-04-05 15:00:00,Tamil Nadu,Rural,25-34,Female,Candidate B,Jobs,4,11.1271,78.6569
113,2024-04-05 16:00:00,Haryana,Rural,45+,Male,Candidate C,Inflation,3,29.0588,76.0856
114,2024-04-05 17:00:00,West Bengal,Urban,35-44,Female,Candidate A,Jobs,4,22.9868,87.855
115,2024-04-05 18:00:00,Madhya Pradesh,Rural,18-24,Male,Candidate C,Infrastructure,5,22.9734,78.6569
116,2024-04-05 19:00:00,Punjab,Urban,25-34,Male,Candidate A,Education,1,31.1471,75.3412
117,2024-04-05 20:00:00,Karnataka,Urban,45+,Female,Candidate B,Education,5,15.3173,75.7139
118,2024-04-05 21:00:00,Odisha,Urban,45+,Male,Candidate A,Jobs,2,20.9517,85.0985
119,2024-04-05 22:00:00,Madhya Pradesh,Rural,18-24,Male,Candidate B,Infrastructure,3,22.9734,78.6569
120,2024-04-05 23:00:00,West Bengal,Rural,18-24,Male,Candidate A,Education,2,22.9868,87.855
121,2024-04-06 00:00:00,Kerala,Urban,45+,Male,Candidate C,Infrastructure,3,10.8505,76.2711
122,2024-04-06 01:00:00,Tamil Nadu,Urban,35-44,Female,Candidate B,Education,5,11.1271,78.6569
123,2024-04-06 02:00:00,Andhra Pradesh,Urban,18-24,Female,Candidate B,Infrastructure,4,15.9129,79.74
124,2024-04-06 03:00:00,Andhra Pradesh,Rural,45+,Female,Candidate C,Healthcare,4,15.9129,79.74
125,2024-04-06 04:00:00,Andhra Pradesh,Urban,18-24,Female,Candidate C,Infrastructure,3,15.9129,79.74
126,2024-04-06 05:00:00,Punjab,Urban,35-44,Female,Candidate A,Infrastructure,4,31.1471,75.3412
127,2024-04-06 06:00:00,Tamil Nadu,Urban,25-34,Female,Candidate A,Jobs,5,11.1271,78.6569
128,2024-04-06 07:00:00,Punjab,Urban,18-24,Female,NOTA,Healthcare,4,31.1471,75.3412
129,2024-04-06 08:00:00,Odisha,Rural,35-44,Female,Candidate A,Inflation,5,20.9517,85.0985
130,2024-04-06 09:00:00,Punjab,Urban,45+,Female,Candidate B,Jobs,2,31.1471,75.3412
131,2024-04-06 10:00:00,Maharashtra,Rural,18-24,Female,NOTA,Inflation,5,19.7515,75.7139
132,2024-04-06 11:00:00,Tamil Nadu,Urban,18-24,Male,Candidate A,Education,1,11.1271,78.6569
133,2024-04-06 12:00:00,Bihar,Rural,45+,Female,Candidate B,Inflation,1,25.0961,85.3131
134,2024-04-06 13:00:00,Tamil Nadu,Urban,25-34,Male,Candidate B,Infrastructure,1,11.1271,78.6569
135,2024-04-06 14:00:00,West Bengal,Urban,45+,Male,Candidate B,Inflation,3,22.9868,87.855
136,2024-04-06 15:00:00,Maharashtra,Rural,18-24,Male,Candidate A,Jobs,3,19.7515,75.7139
137,2024-04-06 16:00:00,Andhra Pradesh,Rural,45+,Male,Candidate A,Jobs,3,15.9129,79.74
138,2024-04-06 17:00:00,West Bengal,Rural,35-44,Female,Candidate B,Inflation,5,22.9868,87.855
139,2024-04-06 18:00:00,West Bengal,Urban,45+,Male,Candidate C,Jobs,3,22.9868,87.855
140,2024-04-06 19:00:00,Odisha,Rural,18-24,Female,Candidate C,Jobs,2,20.9517,85.0985
141,2024-04-06 20:00:00,Telangana,Urban,45+,Female,Candidate B,Inflation,1,18.1124,79.0193
142,2024-04-06 21:00:00,Gujarat,Rural,25-34,Male,Candidate A,Healthcare,5,22.2587,71.1924
143,2024-04-06 22:00:00,Maharashtra,Urban,45+,Female,Candidate B,Healthcare,1,19.7515,75.7139
144,2024-04-06 23:00:00,West Bengal,Rural,25-34,Male,Candidate A,Education,3,22.9868,87.855
145,2024-04-07 00:00:00,Gujarat,Rural,35-44,Male,NOTA,Jobs,5,22.2587,71.1924
146,2024-04-07 01:00:00,Gujarat,Rural,25-34,Female,Candidate C,Inflation,4,22.2587,71.1924
147,2024-04-07 02:00:00,Maharashtra,Urban,45+,Female,Candidate B,Jobs,2,19.7515,75.7139
148,2024-04-07 03:00:00,Telangana,Urban,18-24,Male,NOTA,Infrastructure,3,18.1124,79.0193
149,2024-04-07 04:00:00,Madhya Pradesh,Rural,25-34,Female,Candidate A,Jobs,3,22.9734,78.6569
150,2024-04-07 05:00:00,Kerala,Urban,35-44,Female,Candidate B,Jobs,2,10.8505,76.2711
151,2024-04-07 06:00:00,Bihar,Rural,25-34,Female,Candidate A,Healthcare,2,25.0961,85.3131
152,2024-04-07 07:00:00,Kerala,Rural,25-34,Male,Candidate C,Inflation,4,10.8505,76.2711
153,2024-04-07 08:00:00,Tamil Nadu,Urban,25-34,Male,Candidate A,Jobs,3,11.1271,78.6569
154,2024-04-07 09:00:00,Andhra Pradesh,Rural,35-44,Female,Candidate B,Healthcare,3,15.9129,79.74
155,2024-04-07 10:00:00,Bihar,Urban,45+,Female,Candidate C,Education,1,25.0961,85.3131
156,2024-04-07 11:00:00,Tamil Nadu,Rural,25-34,Female,Candidate A,Healthcare,5,11.1271,78.6569
157,2024-04-07 12:00:00,West Bengal,Rural,25-34,Female,Candidate A,Healthcare,5,22.9868,87.855
158,2024-04-07 13:00:00,Andhra Pradesh,Urban,18-24,Female,Candidate C,Healthcare,1,15.9129,79.74
159,2024-04-07 14:00:00,Karnataka,Urban,35-44,Male,Candidate B,Jobs,5,15.3173,75.7139
160,2024-04-07 15:00:00,Maharashtra,Rural,25-34,Female,Candidate A,Jobs,2,19.7515,75.7139
161,2024-04-07 16:00:00,Bihar,Urban,35-44,Male,Candidate A,Education,5,25.0961,85.3131
162,2024-04-07 17:00:00,Bihar,Rural,25-34,Female,Candidate A,Infrastructure,5,25.0961,85.3131
163,2024-04-07 18:00:00,Haryana,Urban,45+,Male,Candidate C,Infrastructure,1,29.0588,76.0856
164,2024-04-07 19:00:00,West Bengal,Urban,45+,Female,Candidate B,Infrastructure,4,22.9868,87.855
165,2024-04-07 20:00:00,Madhya Pradesh,Urban,25-34,Male,Candidate A,Education,5,22.9734,78.6569
166,2024-04-07 21:00:00,Gujarat,Urban,45+,Female,Candidate A,Infrastructure,5,22.2587,71.1924
167,2024-04-07 22:00:00,Andhra Pradesh,Urban,25-34,Male,Candidate A,Infrastructure,4,15.9129,79.74
168,2024-04-07 23:00:00,West Bengal,Rural,45+,Male,Candidate A,Healthcare,1,22.9868,87.855
169,2024-04-08 00:00:00,Uttar Pradesh,Urban,18-24,Male,Candidate B,Jobs,4,26.8467,80.9462
170,2024-04-08 01:00:00,Telangana,Urban,18-24,Male,Candidate A,Jobs,1,18.1124,79.0193
171,2024-04-08 02:00:00,Gujarat,Urban,18-24,Male,Candidate A,Healthcare,2,22.2587,71.1924
172,2024-04-08 03:00:00,Maharashtra,Urban,35-44,Male,Candidate B,Healthcare,1,19.7515,75.7139
173,2024-04-08 04:00:00,Gujarat,Urban,35-44,Female,Candidate A,Healthcare,2,22.2587,71.1924
174,2024-04-08 05:00:00,Madhya Pradesh,Rural,18-24,Male,Candidate B,Jobs,2,22.9734,78.6569
175,2024-04-08 06:00:00,Odisha,Rural,35-44,Female,Candidate B,Infrastructure,1,20.9517,85.0985
176,2024-04-08 07:00:00,Haryana,Urban,45+,Female,Candidate B,Healthcare,3,29.0588,76.0856
177,2024-04-08 08:00:00,Gujarat,Rural,25-34,Female,Candidate B,Education,1,22.2587,71.1924
178,2024-04-08 09:00:00,Maharashtra,Rural,25-34,Female,Candidate B,Healthcare,5,19.7515,75.7139
179,2024-04-08 10:00:00,Madhya Pradesh,Urban,25-34,Female,Candidate C,Inflation,5,22.9734,78.6569
180,2024-04-08 11:00:00,Kerala,Rural,18-24,Male,Candidate B,Healthcare,3,10.8505,76.2711
181,2024-04-08 12:00:00,Bihar,Rural,35-44,Male,Candidate B,Jobs,2,25.0961,85.3131
182,2024-04-08 13:00:00,Odisha,Urban,45+,Male,Candidate C,Healthcare,3,20.9517,85.0985
183,2024-04-08 14:00:00,Haryana,Urban,45+,Female,Candidate B,Inflation,5,29.0588,76.0856
184,2024-04-08 15:00:00,Bihar,Rural,18-24,Male,Candidate A,Education,3,25.0961,85.3131
185,2024-04-08 16:00:00,Telangana,Rural,45+,Male,Candidate A,Infrastructure,1,18.1124,79.0193
186,2024-04-08 17:00:00,Tamil Nadu,Urban,45+,Male,Candidate A,Healthcare,3,11.1271,78.6569
187,2024-04-08 18:00:00,Odisha,Rural,45+,Male,Candidate C,Inflation,2,20.9517,85.0985
188,2024-04-08 19:00:00,Odisha,Rural,45+,Male,Candidate B,Inflation,1,20.9517,85.0985
189,2024-04-08 20:00:00,Kerala,Rural,35-44,Female,NOTA,Education,4,10.8505,76.2711
190,2024-04-08 21:00:00,Kerala,Rural,45+,Male,Candidate B,Jobs,5,10.8505,76.2711
191,2024-04-08 22:00:00,Andhra Pradesh,Rural,25-34,Female,Candidate B,Healthcare,5,15.9129,79.74
192,2024-04-08 23:00:00,Punjab,Urban,18-24,Female,Candidate A,Inflation,3,31.1471,75.3412
193,2024-04-09 00:00:00,Gujarat,Urban,35-44,Female,Candidate B,Education,1,22.2587,71.1924
194,2024-04-09 01:00:00,Odisha,Rural,45+,Female,Candidate B,Infrastructure,4,20.9517,85.0985
195,2024-04-09 02:00:00,Bihar,Rural,35-44,Female,NOTA,Inflation,1,25.0961,85.3131
196,2024-04-09 03:00:00,Maharashtra,Urban,45+,Male,Candidate A,Education,5,19.7515,75.7139
197,2024-04-09 04:00:00,Rajasthan,Rural,25-34,Male,Candidate B,Jobs,1,27.0238,74.2179
198,2024-04-09 05:00:00,Punjab,Rural,18-24,Male,Candidate B,Jobs,4,31.1471,75.3412
199,2024-04-09 06:00:00,Rajasthan,Urban,45+,Female,Candidate B,Inflation,3,27.0238,74.2179
200,2024-04-09 07:00:00,Haryana,Rural,45+,Male,Candidate B,Inflation,2,29.0588,76.0856
201,2024-04-09 08:00:00,Madhya Pradesh,Rural,45+,Male,Candidate C,Healthcare,1,22.9734,78.6569
202,2024-04-09 09:00:00,Bihar,Rural,45+,Female,Candidate A,Education,2,25.0961,85.3131
203,2024-04-09 10:00:00,Bihar,Urban,18-24,Female,Candidate B,Inflation,5,25.0961,85.3131
204,2024-04-09 11:00:00,Punjab,Urban,18-24,Female,Candidate B,Healthcare,3,31.1471,75.3412
205,2024-04-09 12:00:00,Odisha,Urban,25-34,Female,Candidate C,Healthcare,3,20.9517,85.0985
206,2024-04-09 13:00:00,Telangana,Urban,18-24,Male,Candidate C,Inflation,1,18.1124,79.0193
207,2024-04-09 14:00:00,Punjab,Urban,45+,Female,Candidate A,Jobs,3,31.1471,75.3412
208,2024-04-09 15:00:00,Rajasthan,Urban,25-34,Female,Candidate A,Education,1,27.0238,74.2179
209,2024-04-09 16:00:00,Punjab,Urban,25-34,Male,NOTA,Education,1,31.1471,75.3412
210,2024-04-09 17:00:00,Bihar,Urban,25-34,Male,Candidate B,Jobs,2,25.0961,85.3131
211,2024-04-09 18:00:00,Telangana,Urban,45+,Female,Candidate C,Inflation,3,18.1124,79.0193
212,2024-04-09 19:00:00,Gujarat,Urban,35-44,Male,Candidate A,Education,1,22.2587,71.1924
213,2024-04-09 20:00:00,Uttar Pradesh,Urban,45+,Female,Candidate B,Inflation,2,26.8467,80.9462
214,2024-04-09 21:00:00,Andhra Pradesh,Rural,18-24,Female,Candidate C,Inflation,4,15.9129,79.74
215,2024-04-09 22:00:00,Karnataka,Rural,18-24,Male,NOTA,Healthcare,2,15.3173,75.7139
216,2024-04-09 23:00:00,Kerala,Urban,45+,Male,Candidate A,Jobs,2,10.8505,76.2711
217,2024-04-10 00:00:00,Punjab,Rural,45+,Female,Candidate B,Inflation,1,31.1471,75.3412
218,2024-04-10 01:00:00,Haryana,Urban,25-34,Female,Candidate B,Infrastructure,5,29.0588,76.0856
219,2024-04-10 02:00:00,Tamil Nadu,Rural,45+,Female,Candidate A,Jobs,5,11.1271,78.6569
220,2024-04-10 03:00:00,Madhya Pradesh,Urban,25-34,Male,Candidate B,Education,5,22.9734,78.6569
221,2024-04-10 04:00:00,Uttar Pradesh,Rural,18-24,Female,Candidate B,Healthcare,2,26.8467,80.9462
222,2024-04-10 05:00:00,Andhra Pradesh,Rural,25-34,Female,NOTA,Education,1,15.9129,79.74
223,2024-04-10 06:00:00,Andhra Pradesh,Rural,45+,Female,Candidate B,Education,3,15.9129,79.74
224,2024-04-10 07:00:00,Andhra Pradesh,Rural,18-24,Female,Candidate A,Jobs,2,15.9129,79.74
225,2024-04-10 08:00:00,Andhra Pradesh,Urban,35-44,Female,Candidate A,Education,2,15.9129,79.74
226,2024-04-10 09:00:00,Rajasthan,Urban,25-34,Male,Candidate A,Inflation,1,27.0238,74.2179
227,2024-04-10 10:00:00,Haryana,Rural,18-24,Female,Candidate A,Education,4,29.0588,76.0856
228,2024-04-10 11:00:00,Haryana,Urban,25-34,Female,Candidate C,Healthcare,2,29.0588,76.0856
229,2024-04-10 12:00:00,Telangana,Rural,18-24,Female,Candidate A,Healthcare,4,18.1124,79.0193
230,2024-04-10 13:00:00,Kerala,Urban,18-24,Female,NOTA,Infrastructure,4,10.8505,76.2711
231,2024-04-10 14:00:00,Bihar,Urban,25-34,Male,NOTA,Healthcare,5,25.0961,85.3131
232,2024-04-10 15:00:00,Andhra Pradesh,Urban,35-44,Male,Candidate B,Education,1,15.9129,79.74
233,2024-04-10 16:00:00,Tamil Nadu,Urban,18-24,Male,NOTA,Healthcare,4,11.1271,78.6569
234,2024-04-10 17:00:00,Bihar,Rural,18-24,Female,Candidate C,Jobs,1,25.0961,85.3131
235,2024-04-10 18:00:00,Haryana,Urban,18-24,Female,Candidate B,Healthcare,5,29.0588,76.0856
236,2024-04-10 19:00:00,Maharashtra,Urban,35-44,Male,Candidate A,Inflation,1,19.7515,75.7139
237,2024-04-10 20:00:00,Maharashtra,Urban,35-44,Male,Candidate B,Jobs,2,19.7515,75.7139
238,2024-04-10 21:00:00,Tamil Nadu,Urban,45+,Male,Candidate B,Infrastructure,4,11.1271,78.6569
239,2024-04-10 22:00:00,Telangana,Rural,25-34,Female,Candidate C,Inflation,1,18.1124,79.0193
240,2024-04-10 23:00:00,Haryana,Urban,35-44,Female,Candidate B,Education,3,29.0588,76.0856
241,2024-04-11 00:00:00,Tamil Nadu,Rural,25-34,Male,Candidate C,Education,1,11.1271,78.6569
242,2024-04-11 01:00:00,Rajasthan,Urban,45+,Male,Candidate B,Education,4,27.0238,74.2179
243,2024-04-11 02:00:00,Punjab,Rural,25-34,Male,Candidate A,Inflation,5,31.1471,75.3412
244,2024-04-11 03:00:00,Tamil Nadu,Rural,35-44,Female,NOTA,Inflation,5,11.1271,78.6569
245,2024-04-11 04:00:00,Gujarat,Rural,25-34,Female,Candidate B,Inflation,4,22.2587,71.1924
246,2024-04-11 05:00:00,Bihar,Rural,35-44,Female,Candidate A,Jobs,2,25.0961,85.3131
247,2024-04-11 06:00:00,Uttar Pradesh,Urban,25-34,Male,Candidate B,Jobs,2,26.8467,80.9462
248,2024-04-11 07:00:00,West Bengal,Urban,35-44,Male,Candidate A,Education,5,22.9868,87.855
249,2024-04-11 08:00:00,Telangana,Urban,35-44,Female,Candidate B,Healthcare,5,18.1124,79.0193
250,2024-04-11 09:00:00,Tamil Nadu,Urban,25-34,Male,Candidate B,Education,4,11.1271,78.6569
251,2024-04-11 10:00:00,Haryana,Rural,45+,Female,Candidate A,Infrastructure,2,29.0588,76.0856
252,2024-04-11 11:00:00,Madhya Pradesh,Rural,18-24,Male,NOTA,Jobs,5,22.9734,78.6569
253,2024-04-11 12:00:00,Maharashtra,Urban,45+,Male,Candidate B,Inflation,2,19.7515,75.7139
254,2024-04-11 13:00:00,Gujarat,Urban,25-34,Male,Candidate A,Jobs,5,22.2587,71.1924
255,2024-04-11 14:00:00,Kerala,Urban,45+,Male,Candidate B,Inflation,1,10.8505,76.2711
256,2024-04-11 15:00:00,Andhra Pradesh,Rural,35-44,Female,NOTA,Infrastructure,3,15.9129,79.74
257,2024-04-11 16:00:00,West Bengal,Rural,18-24,Male,Candidate A,Infrastructure,1,22.9868,87.855
258,2024-04-11 17:00:00,Odisha,Urban,25-34,Female,Candidate A,Jobs,5,20.9517,85.0985
259,2024-04-11 18:00:00,Telangana,Rural,25-34,Female,Candidate A,Inflation,3,18.1124,79.0193
260,2024-04-11 19:00:00,Uttar Pradesh,Rural,25-34,Female,Candidate A,Infrastructure,3,26.8467,80.9462
261,2024-04-11 20:00:00,West Bengal,Urban,18-24,Male,Candidate C,Education,5,22.9868,87.855
262,2024-04-11 21:00:00,Tamil Nadu,Rural,35-44,Female,Candidate B,Education,5,11.1271,78.6569
263,2024-04-11 22:00:00,Rajasthan,Rural,25-34,Female,Candidate A,Inflation,2,27.0238,74.2179
264,2024-04-11 23:00:00,Maharashtra,Urban,45+,Female,Candidate B,Jobs,5,19.7515,75.7139
265,2024-04-12 00:00:00,Haryana,Urban,25-34,Male,Candidate A,Infrastructure,4,29.0588,76.0856
266,2024-04-12 01:00:00,Maharashtra,Urban,25-34,Male,NOTA,Jobs,5,19.7515,75.7139
267,2024-04-12 02:00:00,Kerala,Urban,25-34,Female,NOTA,Education,4,10.8505,76.2711
268,2024-04-12 03:00:00,Rajasthan,Rural,25-34,Male,Candidate A,Infrastructure,5,27.0238,74.2179
269,2024-04-12 04:00:00,Andhra Pradesh,Rural,35-44,Female,Candidate C,Jobs,2,15.9129,79.74
270,2024-04-12 05:00:00,Haryana,Urban,45+,Female,Candidate C,Healthcare,4,29.0588,76.0856
271,2024-04-12 06:00:00,Bihar,Urban,35-44,Male,Candidate A,Inflation,1,25.0961,85.3131
272,2024-04-12 07:00:00,Karnataka,Urban,45+,Female,Candidate A,Inflation,4,15.3173,75.7139
273,2024-04-12 08:00:00,Gujarat,Urban,25-34,Male,Candidate B,Healthcare,2,22.2587,71.1924
274,2024-04-12 09:00:00,Maharashtra,Rural,18-24,Male,Candidate C,Education,4,19.7515,75.7139
275,2024-04-12 10:00:00,Madhya Pradesh,Urban,35-44,Female,NOTA,Infrastructure,5,22.9734,78.6569
276,2024-04-12 11:00:00,Maharashtra,Urban,18-24,Male,Candidate C,Inflation,5,19.7515,75.7139
277,2024-04-12 12:00:00,West Bengal,Urban,35-44,Male,Candidate C,Healthcare,2,22.9868,87.855
278,2024-04-12 13:00:00,Maharashtra,Rural,25-34,Female,Candidate B,Healthcare,3,19.7515,75.7139
279,2024-04-12 14:00:00,Telangana,Urban,35-44,Female,Candidate C,Education,5,18.1124,79.0193
280,2024-04-12 15:00:00,Maharashtra,Rural,25-34,Male,Candidate C,Education,1,19.7515,75.7139
281,2024-04-12 16:00:00,Karnataka,Urban,35-44,Male,Candidate A,Jobs,2,15.3173,75.7139
282,2024-04-12 17:00:00,Karnataka,Rural,25-34,Female,Candidate B,Inflation,4,15.3173,75.7139
283,2024-04-12 18:00:00,Andhra Pradesh,Rural,25-34,Male,Candidate C,Jobs,4,15.9129,79.74
284,2024-04-12 19:00:00,Uttar Pradesh,Urban,45+,Male,Candidate A,Healthcare,1,26.8467,80.9462
285,2024-04-12 20:00:00,Bihar,Urban,25-34,Male,Candidate C,Infrastructure,5,25.0961,85.3131
286,2024-04-12 21:00:00,Madhya Pradesh,Rural,45+,Male,Candidate A,Infrastructure,2,22.9734,78.6569
287,2024-04-12 22:00:00,Maharashtra,Rural,25-34,Male,Candidate B,Education,1,19.7515,75.7139
288,2024-04-12 23:00:00,Maharashtra,Urban,18-24,Male,Candidate C,Infrastructure,5,19.7515,75.7139
289,2024-04-13 00:00:00,Gujarat,Urban,25-34,Male,Candidate A,Infrastructure,2,22.2587,71.1924
290,2024-04-13 01:00:00,Haryana,Rural,18-24,Female,Candidate A,Infrastructure,4,29.0588,76.0856
291,2024-04-13 02:00:00,Karnataka,Rural,18-24,Female,Candidate A,Healthcare,2,15.3173,75.7139
292,2024-04-13 03:00:00,Madhya Pradesh,Urban,25-34,Female,Candidate C,Infrastructure,3,22.9734,78.6569
293,2024-04-13 04:00:00,Andhra Pradesh,Rural,18-24,Female,Candidate A,Infrastructure,2,15.9129,79.74
294,2024-04-13 05:00:00,Kerala,Urban,45+,Female,Candidate C,Infrastructure,3,10.8505,76.2711
295,2024-04-13 06:00:00,Uttar Pradesh,Urban,35-44,Male,Candidate A,Jobs,2,26.8467,80.9462
296,2024-04-13 07:00:00,Bihar,Urban,25-34,Male,NOTA,Healthcare,3,25.0961,85.3131
297,2024-04-13 08:00:00,Rajasthan,Urban,18-24,Male,NOTA,Education,4,27.0238,74.2179
298,2024-04-13 09:00:00,Bihar,Urban,25-34,Male,Candidate B,Jobs,5,25.0961,85.3131
299,2024-04-13 10:00:00,Telangana,Rural,45+,Female,Candidate B,Inflation,3,18.1124,79.0193
300,2024-04-13 11:00:00,West Bengal,Urban,25-34,Male,Candidate B,Healthcare,3,22.9868,87.855
301,2024-04-13 12:00:00,Telangana,Urban,25-34,Male,Candidate B,Healthcare,4,18.1124,79.0193
302,2024-04-13 13:00:00,Maharashtra,Urban,18-24,Female,Candidate A,Inflation,3,19.7515,75.7139
303,2024-04-13 14:00:00,Odisha,Urban,45+,Male,Candidate A,Inflation,1,20.9517,85.0985
304,2024-04-13 15:00:00,Uttar Pradesh,Rural,35-44,Male,Candidate A,Inflation,4,26.8467,80.9462
305,2024-04-13 16:00:00,West Bengal,Urban,35-44,Female,Candidate B,Education,1,22.9868,87.855
306,2024-04-13 17:00:00,Madhya Pradesh,Urban,18-24,Male,Candidate A,Infrastructure,4,22.9734,78.6569
307,2024-04-13 18:00:00,Rajasthan,Rural,25-34,Male,Candidate B,Healthcare,3,27.0238,74.2179
308,2024-04-13 19:00:00,Karnataka,Urban,18-24,Male,NOTA,Infrastructure,1,15.3173,75.7139
309,2024-04-13 20:00:00,Uttar Pradesh,Urban,18-24,Male,Candidate A,Infrastructure,3,26.8467,80.9462
310,2024-04-13 21:00:00,Uttar Pradesh,Urban,18-24,Male,Candidate B,Inflation,4,26.8467,80.9462
311,2024-04-13 22:00:00,Telangana,Urban,25-34,Female,Candidate A,Education,3,18.1124,79.0193
312,2024-04-13 23:00:00,Odisha,Urban,45+,Female,Candidate C,Jobs,1,20.9517,85.0985
313,2024-04-14 00:00:00,Maharashtra,Urban,18-24,Female,Candidate C,Education,1,19.7515,75.7139
314,2024-04-14 01:00:00,Tamil Nadu,Rural,25-34,Female,Candidate C,Infrastructure,3,11.1271,78.6569
315,2024-04-14 02:00:00,Andhra Pradesh,Urban,45+,Female,NOTA,Education,2,15.9129,79.74
316,2024-04-14 03:00:00,Telangana,Urban,18-24,Female,Candidate A,Inflation,4,18.1124,79.0193
317,2024-04-14 04:00:00,Uttar Pradesh,Rural,35-44,Male,Candidate C,Jobs,4,26.8467,80.9462
318,2024-04-14 05:00:00,Punjab,Urban,45+,Female,Candidate C,Inflation,3,31.1471,75.3412
319,2024-04-14 06:00:00,Gujarat,Rural,18-24,Female,Candidate A,Jobs,2,22.2587,71.1924
320,2024-04-14 07:00:00,Rajasthan,Rural,45+,Male,NOTA,Infrastructure,1,27.0238,74.2179
321,2024-04-14 08:00:00,Andhra Pradesh,Urban,45+,Male,Candidate A,Jobs,5,15.9129,79.74
322,2024-04-14 09:00:00,Telangana,Rural,45+,Female,Candidate B,Jobs,5,18.1124,79.0193
323,2024-04-14 10:00:00,Rajasthan,Urban,45+,Male,Candidate A,Jobs,3,27.0238,74.2179
324,2024-04-14 11:00:00,Gujarat,Urban,45+,Female,Candidate B,Education,2,22.2587,71.1924
325,2024-04-14 12:00:00,Kerala,Urban,45+,Male,Candidate B,Education,2,10.8505,76.2711
326,2024-04-14 13:00:00,Gujarat,Urban,18-24,Female,Candidate B,Infrastructure,4,22.2587,71.1924
327,2024-04-14 14:00:00,Odisha,Rural,35-44,Male,Candidate A,Jobs,1,20.9517,85.0985
328,2024-04-14 15:00:00,Gujarat,Urban,25-34,Male,Candidate A,Healthcare,2,22.2587,71.1924
329,2024-04-14 16:00:00,Rajasthan,Urban,45+,Female,Candidate C,Infrastructure,5,27.0238,74.2179
330,2024-04-14 17:00:00,Bihar,Urban,25-34,Female,Candidate A,Jobs,1,25.0961,85.3131
331,2024-04-14 18:00:00,Rajasthan,Rural,18-24,Female,Candidate B,Jobs,1,27.0238,74.2179
332,2024-04-14 19:00:00,Tamil Nadu,Urban,45+,Female,Candidate C,Education,3,11.1271,78.6569
333,2024-04-14 20:00:00,Maharashtra,Rural,35-44,Female,Candidate C,Infrastructure,2,19.7515,75.7139
334,2024-04-14 21:00:00,West Bengal,Urban,25-34,Male,Candidate A,Jobs,3,22.9868,87.855
335,2024-04-14 22:00:00,Bihar,Rural,45+,Female,Candidate C,Jobs,2,25.0961,85.3131
336,2024-04-14 23:00:00,Karnataka,Rural,18-24,Female,Candidate C,Infrastructure,4,15.3173,75.7139
337,2024-04-15 00:00:00,West Bengal,Rural,35-44,Male,Candidate C,Healthcare,3,22.9868,87.855
338,2024-04-15 01:00:00,Maharashtra,Rural,25-34,Male,Candidate B,Infrastructure,3,19.7515,75.7139
339,2024-04-15 02:00:00,Telangana,Urban,25-34,Female,Candidate A,Infrastructure,5,18.1124,79.0193
340,2024-04-15 03:00:00,Andhra Pradesh,Urban,45+,Male,Candidate A,Healthcare,3,15.9129,79.74
341,2024-04-15 04:00:00,Tamil Nadu,Urban,35-44,Male,Candidate A,Infrastructure,2,11.1271,78.6569
342,2024-04-15 05:00:00,Tamil Nadu,Urban,35-44,Female,Candidate B,Jobs,5,11.1271,78.6569
343,2024-04-15 06:00:00,Karnataka,Urban,35-44,Male,Candidate A,Infrastructure,3,15.3173,75.7139
344,2024-04-15 07:00:00,Bihar,Rural,35-44,Male,Candidate B,Healthcare,3,25.0961,85.3131
345,2024-04-15 08:00:00,Odisha,Urban,18-24,Female,Candidate A,Inflation,4,20.9517,85.0985
346,2024-04-15 09:00:00,Haryana,Urban,35-44,Female,Candidate A,Infrastructure,3,29.0588,76.0856
347,2024-04-15 10:00:00,Kerala,Rural,25-34,Male,Candidate C,Education,1,10.8505,76.2711
348,2024-04-15 11:00:00,Gujarat,Urban,25-34,Male,Candidate B,Jobs,5,22.2587,71.1924
349,2024-04-15 12:00:00,Bihar,Rural,18-24,Female,Candidate A,Jobs,1,25.0961,85.3131
350,2024-04-15 13:00:00,Andhra Pradesh,Rural,25-34,Male,Candidate C,Education,5,15.9129,79.74
351,2024-04-15 14:00:00,Kerala,Rural,25-34,Male,Candidate A,Education,4,10.8505,76.2711
352,2024-04-15 15:00:00,Tamil Nadu,Rural,35-44,Male,Candidate B,Infrastructure,3,11.1271,78.6569
353,2024-04-15 16:00:00,Rajasthan,Rural,25-34,Female,Candidate C,Education,3,27.0238,74.2179
354,2024-04-15 17:00:00,Andhra Pradesh,Rural,18-24,Male,Candidate A,Inflation,3,15.9129,79.74
355,2024-04-15 18:00:00,Maharashtra,Rural,35-44,Male,Candidate C,Healthcare,5,19.7515,75.7139
356,2024-04-15 19:00:00,Karnataka,Urban,45+,Female,Candidate B,Education,3,15.3173,75.7139
357,2024-04-15 20:00:00,Maharashtra,Urban,35-44,Male,Candidate B,Education,1,19.7515,75.7139
358,2024-04-15 21:00:00,Haryana,Urban,18-24,Male,Candidate A,Inflation,3,29.0588,76.0856
359,2024-04-15 22:00:00,Andhra Pradesh,Urban,35-44,Female,Candidate A,Jobs,4,15.9129,79.74
360,2024-04-15 23:00:00,Madhya Pradesh,Rural,35-44,Female,NOTA,Jobs,1,22.9734,78.6569
361,2024-04-16 00:00:00,Madhya Pradesh,Rural,18-24,Female,Candidate A,Infrastructure,3,22.9734,78.6569
362,2024-04-16 01:00:00,Telangana,Rural,35-44,Female,Candidate B,Inflation,3,18.1124,79.0193
363,2024-04-16 02:00:00,Bihar,Urban,18-24,Male,Candidate B,Healthcare,2,25.0961,85.3131
364,2024-04-16 03:00:00,Tamil Nadu,Rural,18-24,Male,Candidate B,Healthcare,5,11.1271,78.6569
365,2024-04-16 04:00:00,Tamil Nadu,Rural,45+,Female,Candidate A,Inflation,1,11.1271,78.6569
366,2024-04-16 05:00:00,Gujarat,Rural,25-34,Female,Candidate A,Healthcare,2,22.2587,71.1924
367,2024-04-16 06:00:00,Gujarat,Rural,25-34,Male,Candidate B,Jobs,4,22.2587,71.1924
368,2024-04-16 07:00:00,Gujarat,Rural,35-44,Female,Candidate A,Healthcare,5,22.2587,71.1924
369,2024-04-16 08:00:00,Rajasthan,Urban,35-44,Male,Candidate A,Healthcare,1,27.0238,74.2179
370,2024-04-16 09:00:00,West Bengal,Rural,45+,Female,Candidate A,Inflation,3,22.9868,87.855
371,2024-04-16 10:00:00,Uttar Pradesh,Urban,45+,Male,Candidate B,Inflation,1,26.8467,80.9462
372,2024-04-16 11:00:00,West Bengal,Urban,45+,Female,Candidate C,Healthcare,3,22.9868,87.855
373,2024-04-16 12:00:00,Maharashtra,Rural,18-24,Female,Candidate A,Education,5,19.7515,75.7139
374,2024-04-16 13:00:00,West Bengal,Urban,45+,Male,Candidate A,Inflation,3,22.9868,87.855
375,2024-04-16 14:00:00,Rajasthan,Rural,45+,Female,Candidate A,Infrastructure,4,27.0238,74.2179
376,2024-04-16 15:00:00,Telangana,Urban,35-44,Male,Candidate B,Infrastructure,3,18.1124,79.0193
377,2024-04-16 16:00:00,Maharashtra,Rural,45+,Male,Candidate B,Jobs,4,19.7515,75.7139
378,2024-04-16 17:00:00,West Bengal,Urban,18-24,Male,Candidate A,Healthcare,5,22.9868,87.855
379,2024-04-16 18:00:00,Rajasthan,Rural,18-24,Male,Candidate C,Education,5,27.0238,74.2179
380,2024-04-16 19:00:00,Uttar Pradesh,Rural,35-44,Male,Candidate B,Jobs,1,26.8467,80.9462
381,2024-04-16 20:00:00,West Bengal,Urban,45+,Female,Candidate C,Healthcare,4,22.9868,87.855
382,2024-04-16 21:00:00,Rajasthan,Urban,45+,Female,Candidate C,Inflation,4,27.0238,74.2179
383,2024-04-16 22:00:00,Haryana,Rural,18-24,Male,Candidate A,Infrastructure,2,29.0588,76.0856
384,2024-04-16 23:00:00,Gujarat,Urban,45+,Female,Candidate A,Education,2,22.2587,71.1924
385,2024-04-17 00:00:00,Haryana,Urban,45+,Male,Candidate A,Infrastructure,2,29.0588,76.0856
386,2024-04-17 01:00:00,Tamil Nadu,Urban,45+,Female,Candidate A,Inflation,3,11.1271,78.6569
387,2024-04-17 02:00:00,Gujarat,Urban,25-34,Female,NOTA,Healthcare,2,22.2587,71.1924
388,2024-04-17 03:00:00,Tamil Nadu,Rural,35-44,Female,Candidate A,Inflation,4,11.1271,78.6569
389,2024-04-17 04:00:00,Punjab,Rural,25-34,Female,Candidate A,Inflation,3,31.1471,75.3412
390,2024-04-17 05:00:00,Karnataka,Urban,35-44,Male,Candidate C,Infrastructure,5,15.3173,75.7139
391,2024-04-17 06:00:00,Haryana,Urban,18-24,Male,Candidate B,Education,1,29.0588,76.0856
392,2024-04-17 07:00:00,Karnataka,Rural,45+,Female,Candidate A,Inflation,2,15.3173,75.7139
393,2024-04-17 08:00:00,Karnataka,Urban,35-44,Female,Candidate A,Infrastructure,5,15.3173,75.7139
394,2024-04-17 09:00:00,Uttar Pradesh,Urban,25-34,Male,Candidate A,Education,4,26.8467,80.9462
395,2024-04-17 10:00:00,Gujarat,Rural,45+,Female,Candidate C,Healthcare,1,22.2587,71.1924
396,2024-04-17 11:00:00,Punjab,Rural,18-24,Male,Candidate A,Healthcare,5,31.1471,75.3412
397,2024-04-17 12:00:00,Tamil Nadu,Rural,35-44,Male,Candidate A,Jobs,1,11.1271,78.6569
398,2024-04-17 13:00:00,Rajasthan,Rural,35-44,Male,Candidate B,Infrastructure,2,27.0238,74.2179
399,2024-04-17 14:00:00,Maharashtra,Urban,35-44,Female,Candidate A,Education,4,19.7515,75.7139
400,2024-04-17 15:00:00,Rajasthan,Rural,45+,Male,Candidate B,Inflation,1,27.0238,74.2179
401,2024-04-17 16:00:00,Maharashtra,Urban,25-34,Female,Candidate B,Healthcare,5,19.7515,75.7139
402,2024-04-17 17:00:00,Haryana,Urban,25-34,Male,Candidate A,Education,2,29.0588,76.0856
403,2024-04-17 18:00:00,Madhya Pradesh,Urban,35-44,Female,NOTA,Infrastructure,2,22.9734,78.6569
404,2024-04-17 19:00:00,Rajasthan,Urban,18-24,Female,Candidate B,Jobs,5,27.0238,74.2179
405,2024-04-17 20:00:00,West Bengal,Rural,18-24,Female,Candidate A,Healthcare,5,22.9868,87.855
406,2024-04-17 21:00:00,West Bengal,Urban,25-34,Male,Candidate B,Education,1,22.9868,87.855
407,2024-04-17 22:00:00,Bihar,Urban,18-24,Male,Candidate C,Education,3,25.0961,85.3131
408,2024-04-17 23:00:00,Gujarat,Urban,25-34,Female,Candidate B,Education,2,22.2587,71.1924
409,2024-04-18 00:00:00,Maharashtra,Urban,35-44,Female,Candidate A,Infrastructure,1,19.7515,75.7139
410,2024-04-18 01:00:00,Maharashtra,Rural,25-34,Female,NOTA,Infrastructure,5,19.7515,75.7139
411,2024-04-18 02:00:00,Andhra Pradesh,Urban,25-34,Male,Candidate B,Infrastructure,1,15.9129,79.74
412,2024-04-18 03:00:00,Telangana,Rural,35-44,Male,Candidate A,Inflation,5,18.1124,79.0193
413,2024-04-18 04:00:00,Gujarat,Urban,18-24,Male,Candidate A,Education,4,22.2587,71.1924
414,2024-04-18 05:00:00,Uttar Pradesh,Urban,25-34,Male,Candidate A,Healthcare,5,26.8467,80.9462
415,2024-04-18 06:00:00,Bihar,Rural,25-34,Female,Candidate C,Infrastructure,5,25.0961,85.3131
416,2024-04-18 07:00:00,Uttar Pradesh,Urban,35-44,Female,Candidate A,Infrastructure,5,26.8467,80.9462
417,2024-04-18 08:00:00,Haryana,Rural,18-24,Male,Candidate A,Education,3,29.0588,76.0856
418,2024-04-18 09:00:00,Haryana,Urban,25-34,Male,Candidate C,Infrastructure,5,29.0588,76.0856
419,2024-04-18 10:00:00,Uttar Pradesh,Urban,35-44,Female,Candidate A,Inflation,2,26.8467,80.9462
420,2024-04-18 11:00:00,Uttar Pradesh,Rural,25-34,Male,Candidate A,Inflation,2,26.8467,80.9462
421,2024-04-18 12:00:00,Punjab,Urban,45+,Male,Candidate A,Infrastructure,1,31.1471,75.3412
422,2024-04-18 13:00:00,Gujarat,Urban,35-44,Male,Candidate A,Education,3,22.2587,71.1924
423,2024-04-18 14:00:00,Uttar Pradesh,Rural,18-24,Male,Candidate A,Education,1,26.8467,80.9462
424,2024-04-18 15:00:00,West Bengal,Urban,18-24,Male,Candidate B,Education,2,22.9868,87.855
425,2024-04-18 16:00:00,Telangana,Rural,18-24,Male,Candidate A,Jobs,2,18.1124,79.0193
426,2024-04-18 17:00:00,Telangana,Urban,18-24,Female,Candidate A,Infrastructure,4,18.1124,79.0193
427,2024-04-18 18:00:00,Karnataka,Rural,25-34,Male,Candidate C,Education,5,15.3173,75.7139
428,2024-04-18 19:00:00,Madhya Pradesh,Rural,25-34,Male,Candidate B,Inflation,2,22.9734,78.6569
429,2024-04-18 20:00:00,Haryana,Rural,18-24,Female,Candidate B,Healthcare,1,29.0588,76.0856
430,2024-04-18 21:00:00,Maharashtra,Rural,18-24,Female,Candidate B,Healthcare,1,19.7515,75.7139
431,2024-04-18 22:00:00,Andhra Pradesh,Urban,18-24,Female,Candidate A,Education,5,15.9129,79.74
432,2024-04-18 23:00:00,Odisha,Rural,25-34,Male,Candidate B,Healthcare,5,20.9517,85.0985
433,2024-04-19 00:00:00,Maharashtra,Urban,18-24,Female,Candidate B,Healthcare,4,19.7515,75.7139
434,2024-04-19 01:00:00,Madhya Pradesh,Urban,18-24,Male,Candidate A,Jobs,3,22.9734,78.6569
435,2024-04-19 02:00:00,Andhra Pradesh,Urban,45+,Male,Candidate C,Inflation,1,15.9129,79.74
436,2024-04-19 03:00:00,Punjab,Urban,45+,Male,Candidate A,Inflation,5,31.1471,75.3412
437,2024-04-19 04:00:00,Gujarat,Urban,18-24,Female,Candidate C,Jobs,1,22.2587,71.1924
438,2024-04-19 05:00:00,Rajasthan,Rural,35-44,Female,Candidate A,Jobs,5,27.0238,74.2179
439,2024-04-19 06:00:00,Gujarat,Rural,18-24,Female,Candidate C,Healthcare,2,22.2587,71.1924
440,2024-04-19 07:00:00,Maharashtra,Rural,45+,Female,Candidate B,Infrastructure,1,19.7515,75.7139
441,2024-04-19 08:00:00,Maharashtra,Urban,35-44,Female,Candidate C,Healthcare,2,19.7515,75.7139
442,2024-04-19 09:00:00,Andhra Pradesh,Rural,35-44,Male,Candidate A,Jobs,1,15.9129,79.74
443,2024-04-19 10:00:00,Andhra Pradesh,Urban,18-24,Male,Candidate B,Inflation,3,15.9129,79.74
444,2024-04-19 11:00:00,Haryana,Urban,45+,Male,Candidate B,Healthcare,4,29.0588,76.0856
445,2024-04-19 12:00:00,Punjab,Urban,45+,Male,Candidate B,Infrastructure,2,31.1471,75.3412
446,2024-04-19 13:00:00,Haryana,Urban,35-44,Female,Candidate B,Healthcare,5,29.0588,76.0856
447,2024-04-19 14:00:00,Madhya Pradesh,Rural,18-24,Female,Candidate B,Education,3,22.9734,78.6569
448,2024-04-19 15:00:00,Uttar Pradesh,Rural,25-34,Male,Candidate A,Healthcare,1,26.8467,80.9462
449,2024-04-19 16:00:00,Gujarat,Urban,25-34,Female,Candidate A,Jobs,2,22.2587,71.1924
450,2024-04-19 17:00:00,Andhra Pradesh,Urban,45+,Female,Candidate B,Inflation,1,15.9129,79.74
451,2024-04-19 18:00:00,Tamil Nadu,Urban,25-34,Male,Candidate A,Inflation,1,11.1271,78.6569
452,2024-04-19 19:00:00,Madhya Pradesh,Urban,45+,Male,NOTA,Jobs,1,22.9734,78.6569
453,2024-04-19 20:00:00,West Bengal,Rural,45+,Female,Candidate B,Education,4,22.9868,87.855
454,2024-04-19 21:00:00,Punjab,Urban,45+,Female,NOTA,Jobs,4,31.1471,75.3412
455,2024-04-19 22:00:00,Maharashtra,Urban,25-34,Male,Candidate A,Healthcare,5,19.7515,75.7139
456,2024-04-19 23:00:00,Haryana,Urban,45+,Male,Candidate C,Jobs,2,29.0588,76.0856
457,2024-04-20 00:00:00,Madhya Pradesh,Rural,35-44,Male,Candidate C,Jobs,3,22.9734,78.6569
458,2024-04-20 01:00:00,Odisha,Rural,18-24,Female,Candidate B,Education,3,20.9517,85.0985
459,2024-04-20 02:00:00,Gujarat,Rural,18-24,Male,Candidate B,Healthcare,3,22.2587,71.1924
460,2024-04-20 03:00:00,Andhra Pradesh,Rural,45+,Male,Candidate A,Infrastructure,1,15.9129,79.74
461,2024-04-20 04:00:00,Maharashtra,Urban,18-24,Female,Candidate C,Infrastructure,4,19.7515,75.7139
462,2024-04-20 05:00:00,Rajasthan,Urban,25-34,Female,Candidate B,Inflation,2,27.0238,74.2179
463,2024-04-20 06:00:00,Odisha,Rural,25-34,Female,Candidate A,Jobs,1,20.9517,85.0985
464,2024-04-20 07:00:00,Punjab,Rural,18-24,Female,Candidate A,Inflation,4,31.1471,75.3412
465,2024-04-20 08:00:00,Madhya Pradesh,Rural,25-34,Female,NOTA,Education,4,22.9734,78.6569
466,2024-04-20 09:00:00,Bihar,Rural,18-24,Male,Candidate C,Infrastructure,2,25.0961,85.3131
467,2024-04-20 10:00:00,Maharashtra,Rural,18-24,Male,NOTA,Jobs,2,19.7515,75.7139
468,2024-04-20 11:00:00,Gujarat,Rural,18-24,Female,Candidate B,Education,2,22.2587,71.1924
469,2024-04-20 12:00:00,Karnataka,Rural,45+,Female,Candidate A,Education,1,15.3173,75.7139
470,2024-04-20 13:00:00,Tamil Nadu,Rural,18-24,Female,Candidate A,Jobs,5,11.1271,78.6569
471,2024-04-20 14:00:00,Kerala,Rural,45+,Female,Candidate A,Education,2,10.8505,76.2711
472,2024-04-20 15:00:00,Odisha,Rural,18-24,Female,Candidate A,Jobs,5,20.9517,85.0985
473,2024-04-20 16:00:00,Uttar Pradesh,Urban,18-24,Male,Candidate A,Jobs,1,26.8467,80.9462
474,2024-04-20 17:00:00,Kerala,Rural,18-24,Male,Candidate A,Healthcare,5,10.8505,76.2711
475,2024-04-20 18:00:00,Gujarat,Urban,25-34,Male,Candidate A,Inflation,3,22.2587,71.1924
476,2024-04-20 19:00:00,West Bengal,Rural,45+,Male,NOTA,Education,5,22.9868,87.855
477,2024-04-20 20:00:00,Haryana,Rural,45+,Female,Candidate B,Education,2,29.0588,76.0856
478,2024-04-20 21:00:00,West Bengal,Urban,18-24,Male,Candidate C,Healthcare,1,22.9868,87.855
479,2024-04-20 22:00:00,Karnataka,Urban,18-24,Female,Candidate B,Healthcare,2,15.3173,75.7139
480,2024-04-20 23:00:00,Odisha,Urban,25-34,Female,Candidate A,Healthcare,3,20.9517,85.0985
481,2024-04-21 00:00:00,Uttar Pradesh,Urban,25-34,Female,Candidate A,Infrastructure,2,26.8467,80.9462
482,2024-04-21 01:00:00,Bihar,Rural,25-34,Male,Candidate A,Infrastructure,2,25.0961,85.3131
483,2024-04-21 02:00:00,Karnataka,Urban,45+,Female,Candidate A,Infrastructure,2,15.3173,75.7139
484,2024-04-21 03:00:00,Odisha,Urban,45+,Male,Candidate B,Jobs,4,20.9517,85.0985
485,2024-04-21 04:00:00,Telangana,Urban,45+,Male,Candidate A,Education,3,18.1124,79.0193
486,2024-04-21 05:00:00,Kerala,Rural,18-24,Female,Candidate A,Inflation,2,10.8505,76.2711
487,2024-04-21 06:00:00,Karnataka,Rural,45+,Female,Candidate A,Jobs,2,15.3173,75.7139
488,2024-04-21 07:00:00,Kerala,Urban,35-44,Female,NOTA,Education,2,10.8505,76.2711
489,2024-04-21 08:00:00,Maharashtra,Urban,35-44,Male,Candidate C,Education,1,19.7515,75.7139
490,2024-04-21 09:00:00,West Bengal,Urban,25-34,Female,Candidate B,Healthcare,4,22.9868,87.855
491,2024-04-21 10:00:00,Maharashtra,Rural,45+,Male,Candidate A,Healthcare,1,19.7515,75.7139
492,2024-04-21 11:00:00,Tamil Nadu,Rural,35-44,Female,Candidate C,Jobs,4,11.1271,78.6569
493,2024-04-21 12:00:00,Telangana,Urban,25-34,Female,Candidate C,Healthcare,2,18.1124,79.0193
494,2024-04-21 13:00:00,Uttar Pradesh,Urban,45+,Male,Candidate B,Education,3,26.8467,80.9462
495,2024-04-21 14:00:00,Bihar,Urban,18-24,Male,NOTA,Healthcare,5,25.0961,85.3131
496,2024-04-21 15:00:00,Punjab,Rural,35-44,Male,Candidate A,Infrastructure,5,31.1471,75.3412
497,2024-04-21 16:00:00,Kerala,Urban,18-24,Male,NOTA,Healthcare,2,10.8505,76.2711
498,2024-04-21 17:00:00,Bihar,Urban,45+,Male,NOTA,Education,1,25.0961,85.3131
499,2024-04-21 18:00:00,Kerala,Urban,35-44,Male,Candidate A,Jobs,3,10.8505,76.2711
500,2024-04-21 19:00:00,Gujarat,Urban,45+,Female,Candidate B,Inflation,4,22.2587,71.1924
501,2024-04-21 20:00:00,Karnataka,Rural,18-24,Female,NOTA,Healthcare,2,15.3173,75.7139
502,2024-04-21 21:00:00,Tamil Nadu,Urban,35-44,Male,Candidate A,Education,3,11.1271,78.6569
503,2024-04-21 22:00:00,West Bengal,Rural,18-24,Female,Candidate B,Inflation,3,22.9868,87.855
504,2024-04-21 23:00:00,Punjab,Rural,45+,Male,NOTA,Inflation,4,31.1471,75.3412
505,2024-04-22 00:00:00,Andhra Pradesh,Urban,45+,Female,Candidate B,Infrastructure,3,15.9129,79.74
506,2024-04-22 01:00:00,Kerala,Urban,18-24,Female,Candidate A,Inflation,1,10.8505,76.2711
507,2024-04-22 02:00:00,Bihar,Rural,35-44,Male,Candidate B,Education,1,25.0961,85.3131
508,2024-04-22 03:00:00,Tamil Nadu,Urban,18-24,Male,Candidate A,Education,1,11.1271,78.6569
509,2024-04-22 04:00:00,Rajasthan,Urban,45+,Male,Candidate B,Healthcare,3,27.0238,74.2179
510,2024-04-22 05:00:00,Punjab,Rural,18-24,Female,Candidate A,Healthcare,1,31.1471,75.3412
511,2024-04-22 06:00:00,Rajasthan,Urban,45+,Male,Candidate B,Healthcare,4,27.0238,74.2179
512,2024-04-22 07:00:00,Maharashtra,Urban,18-24,Female,Candidate B,Inflation,3,19.7515,75.7139
513,2024-04-22 08:00:00,West Bengal,Urban,35-44,Male,Candidate C,Inflation,5,22.9868,87.855
514,2024-04-22 09:00:00,Haryana,Rural,35-44,Female,Candidate B,Infrastructure,3,29.0588,76.0856
515,2024-04-22 10:00:00,Haryana,Urban,18-24,Female,Candidate B,Healthcare,4,29.0588,76.0856
516,2024-04-22 11:00:00,Andhra Pradesh,Urban,18-24,Male,Candidate B,Jobs,5,15.9129,79.74
517,2024-04-22 12:00:00,Gujarat,Urban,35-44,Female,Candidate A,Infrastructure,3,22.2587,71.1924
518,2024-04-22 13:00:00,Bihar,Urban,45+,Female,Candidate B,Jobs,1,25.0961,85.3131
519,2024-04-22 14:00:00,Odisha,Urban,35-44,Male,Candidate A,Inflation,2,20.9517,85.0985
520,2024-04-22 15:00:00,Andhra Pradesh,Urban,45+,Female,NOTA,Infrastructure,2,15.9129,79.74
521,2024-04-22 16:00:00,Karnataka,Rural,18-24,Male,Candidate A,Infrastructure,1,15.3173,75.7139
522,2024-04-22 17:00:00,Karnataka,Urban,18-24,Male,Candidate B,Education,2,15.3173,75.7139
523,2024-04-22 18:00:00,Bihar,Urban,45+,Male,Candidate B,Inflation,2,25.0961,85.3131
524,2024-04-22 19:00:00,Odisha,Urban,18-24,Male,Candidate B,Inflation,1,20.9517,85.0985
525,2024-04-22 20:00:00,Uttar Pradesh,Urban,45+,Female,Candidate A,Infrastructure,1,26.8467,80.9462
526,2024-04-22 21:00:00,Gujarat,Urban,25-34,Female,Candidate B,Inflation,3,22.2587,71.1924
527,2024-04-22 22:00:00,Tamil Nadu,Rural,35-44,Female,Candidate B,Infrastructure,3,11.1271,78.6569
528,2024-04-22 23:00:00,Kerala,Urban,25-34,Male,Candidate B,Education,1,10.8505,76.2711
529,2024-04-23 00:00:00,Odisha,Urban,45+,Female,Candidate A,Infrastructure,4,20.9517,85.0985
530,2024-04-23 01:00:00,Haryana,Urban,35-44,Female,Candidate B,Inflation,2,29.0588,76.0856
531,2024-04-23 02:00:00,Punjab,Rural,45+,Male,Candidate B,Inflation,3,31.1471,75.3412
532,2024-04-23 03:00:00,Uttar Pradesh,Rural,35-44,Male,Candidate B,Infrastructure,2,26.8467,80.9462
533,2024-04-23 04:00:00,Kerala,Rural,35-44,Female,Candidate B,Infrastructure,5,10.8505,76.2711
534,2024-04-23 05:00:00,Kerala,Urban,35-44,Male,Candidate B,Infrastructure,1,10.8505,76.2711
535,2024-04-23 06:00:00,Uttar Pradesh,Rural,35-44,Male,Candidate A,Healthcare,4,26.8467,80.9462
536,2024-04-23 07:00:00,Maharashtra,Urban,45+,Male,Candidate A,Inflation,5,19.7515,75.7139
537,2024-04-23 08:00:00,Rajasthan,Urban,35-44,Male,Candidate A,Inflation,5,27.0238,74.2179
538,2024-04-23 09:00:00,Kerala,Urban,35-44,Female,Candidate A,Healthcare,5,10.8505,76.2711
539,2024-04-23 10:00:00,Uttar Pradesh,Urban,25-34,Male,Candidate B,Infrastructure,1,26.8467,80.9462
540,2024-04-23 11:00:00,Odisha,Rural,18-24,Male,Candidate B,Education,3,20.9517,85.0985
541,2024-04-23 12:00:00,Uttar Pradesh,Rural,18-24,Male,Candidate A,Infrastructure,1,26.8467,80.9462
542,2024-04-23 13:00:00,Telangana,Urban,25-34,Male,NOTA,Infrastructure,3,18.1124,79.0193
543,2024-04-23 14:00:00,Andhra Pradesh,Rural,25-34,Male,Candidate A,Healthcare,5,15.9129,79.74
544,2024-04-23 15:00:00,Madhya Pradesh,Rural,45+,Male,Candidate C,Inflation,5,22.9734,78.6569
545,2024-04-23 16:00:00,Maharashtra,Rural,45+,Male,Candidate B,Infrastructure,4,19.7515,75.7139
546,2024-04-23 17:00:00,West Bengal,Rural,45+,Male,Candidate A,Inflation,3,22.9868,87.855
547,2024-04-23 18:00:00,Madhya Pradesh,Rural,25-34,Female,Candidate A,Jobs,5,22.9734,78.6569
548,2024-04-23 19:00:00,Andhra Pradesh,Rural,25-34,Male,Candidate B,Inflation,2,15.9129,79.74
549,2024-04-23 20:00:00,Andhra Pradesh,Rural,35-44,Female,Candidate A,Education,4,15.9129,79.74
550,2024-04-23 21:00:00,Andhra Pradesh,Urban,45+,Male,NOTA,Education,1,15.9129,79.74
551,2024-04-23 22:00:00,Madhya Pradesh,Urban,45+,Male,Candidate B,Infrastructure,4,22.9734,78.6569
552,2024-04-23 23:00:00,Bihar,Rural,45+,Male,NOTA,Inflation,2,25.0961,85.3131
553,2024-04-24 00:00:00,Rajasthan,Urban,18-24,Male,Candidate A,Infrastructure,3,27.0238,74.2179
554,2024-04-24 01:00:00,Uttar Pradesh,Rural,35-44,Female,Candidate B,Healthcare,1,26.8467,80.9462
555,2024-04-24 02:00:00,Punjab,Urban,45+,Male,Candidate B,Education,1,31.1471,75.3412
556,2024-04-24 03:00:00,Rajasthan,Urban,45+,Male,Candidate B,Infrastructure,3,27.0238,74.2179
557,2024-04-24 04:00:00,Haryana,Urban,45+,Female,Candidate A,Healthcare,4,29.0588,76.0856
558,2024-04-24 05:00:00,Odisha,Urban,18-24,Female,Candidate B,Infrastructure,5,20.9517,85.0985
559,2024-04-24 06:00:00,Gujarat,Rural,18-24,Male,Candidate B,Inflation,4,22.2587,71.1924
560,2024-04-24 07:00:00,Bihar,Rural,25-34,Female,Candidate C,Inflation,2,25.0961,85.3131
561,2024-04-24 08:00:00,West Bengal,Rural,35-44,Female,Candidate A,Inflation,5,22.9868,87.855
562,2024-04-24 09:00:00,Rajasthan,Rural,25-34,Female,Candidate C,Inflation,4,27.0238,74.2179
563,2024-04-24 10:00:00,Punjab,Urban,35-44,Male,Candidate A,Jobs,3,31.1471,75.3412
564,2024-04-24 11:00:00,Karnataka,Urban,18-24,Male,Candidate C,Healthcare,2,15.3173,75.7139
565,2024-04-24 12:00:00,Andhra Pradesh,Rural,45+,Male,Candidate C,Healthcare,2,15.9129,79.74
566,2024-04-24 13:00:00,Kerala,Urban,25-34,Female,Candidate C,Inflation,2,10.8505,76.2711
567,2024-04-24 14:00:00,Haryana,Urban,45+,Male,Candidate B,Jobs,5,29.0588,76.0856
568,2024-04-24 15:00:00,Gujarat,Urban,25-34,Female,Candidate B,Inflation,1,22.2587,71.1924
569,2024-04-24 16:00:00,Maharashtra,Urban,18-24,Male,NOTA,Jobs,5,19.7515,75.7139
570,2024-04-24 17:00:00,West Bengal,Rural,18-24,Male,Candidate A,Inflation,4,22.9868,87.855
571,2024-04-24 18:00:00,Odisha,Rural,18-24,Female,Candidate B,Education,1,20.9517,85.0985
572,2024-04-24 19:00:00,Gujarat,Urban,25-34,Male,Candidate B,Education,4,22.2587,71.1924
573,2024-04-24 20:00:00,Andhra Pradesh,Rural,35-44,Female,Candidate B,Infrastructure,1,15.9129,79.74
574,2024-04-24 21:00:00,Kerala,Rural,25-34,Female,Candidate A,Inflation,5,10.8505,76.2711
575,2024-04-24 22:00:00,Bihar,Urban,35-44,Male,Candidate B,Healthcare,2,25.0961,85.3131
576,2024-04-24 23:00:00,Kerala,Rural,25-34,Female,Candidate C,Infrastructure,3,10.8505,76.2711
577,2024-04-25 00:00:00,Madhya Pradesh,Rural,25-34,Male,Candidate A,Education,2,22.9734,78.6569
578,2024-04-25 01:00:00,Kerala,Urban,18-24,Male,NOTA,Inflation,5,10.8505,76.2711
579,2024-04-25 02:00:00,Madhya Pradesh,Urban,45+,Female,Candidate A,Infrastructure,1,22.9734,78.6569
580,2024-04-25 03:00:00,Haryana,Urban,45+,Male,Candidate A,Inflation,2,29.0588,76.0856
581,2024-04-25 04:00:00,Bihar,Urban,35-44,Female,Candidate A,Education,5,25.0961,85.3131
582,2024-04-25 05:00:00,Odisha,Urban,45+,Male,Candidate A,Infrastructure,4,20.9517,85.0985
583,2024-04-25 06:00:00,Tamil Nadu,Rural,25-34,Male,NOTA,Education,3,11.1271,78.6569
584,2024-04-25 07:00:00,Andhra Pradesh,Urban,25-34,Male,Candidate A,Jobs,2,15.9129,79.74
585,2024-04-25 08:00:00,Madhya Pradesh,Urban,18-24,Male,Candidate A,Education,1,22.9734,78.6569
586,2024-04-25 09:00:00,Maharashtra,Rural,18-24,Male,Candidate A,Inflation,4,19.7515,75.7139
587,2024-04-25 10:00:00,Kerala,Rural,45+,Female,Candidate B,Healthcare,5,10.8505,76.2711
588,2024-04-25 11:00:00,Kerala,Urban,35-44,Female,Candidate B,Education,3,10.8505,76.2711
589,2024-04-25 12:00:00,Maharashtra,Urban,45+,Female,Candidate A,Healthcare,1,19.7515,75.7139
590,2024-04-25 13:00:00,Odisha,Urban,45+,Female,Candidate A,Jobs,5,20.9517,85.0985
591,2024-04-25 14:00:00,Karnataka,Rural,45+,Female,Candidate C,Infrastructure,5,15.3173,75.7139
592,2024-04-25 15:00:00,Haryana,Urban,45+,Female,Candidate A,Infrastructure,2,29.0588,76.0856
593,2024-04-25 16:00:00,Uttar Pradesh,Urban,25-34,Male,Candidate B,Healthcare,2,26.8467,80.9462
594,2024-04-25 17:00:00,Tamil Nadu,Rural,35-44,Male,Candidate A,Infrastructure,1,11.1271,78.6569
595,2024-04-25 18:00:00,West Bengal,Urban,25-34,Female,Candidate C,Education,5,22.9868,87.855
596,2024-04-25 19:00:00,Punjab,Rural,35-44,Female,Candidate A,Healthcare,2,31.1471,75.3412
597,2024-04-25 20:00:00,Madhya Pradesh,Rural,18-24,Male,Candidate B,Inflation,3,22.9734,78.6569
598,2024-04-25 21:00:00,Maharashtra,Urban,45+,Male,Candidate A,Education,3,19.7515,75.7139
599,2024-04-25 22:00:00,Punjab,Rural,25-34,Male,NOTA,Education,5,31.1471,75.3412
600,2024-04-25 23:00:00,Bihar,Urban,35-44,Female,Candidate A,Education,2,25.0961,85.3131
601,2024-04-26 00:00:00,Odisha,Rural,18-24,Female,Candidate C,Inflation,1,20.9517,85.0985
602,2024-04-26 01:00:00,Madhya Pradesh,Urban,18-24,Female,Candidate A,Jobs,1,22.9734,78.6569
603,2024-04-26 02:00:00,Uttar Pradesh,Rural,45+,Male,Candidate A,Infrastructure,1,26.8467,80.9462
604,2024-04-26 03:00:00,Punjab,Urban,35-44,Male,Candidate C,Healthcare,3,31.1471,75.3412
605,2024-04-26 04:00:00,Bihar,Rural,25-34,Female,Candidate A,Jobs,2,25.0961,85.3131
606,2024-04-26 05:00:00,Gujarat,Rural,45+,Female,Candidate C,Healthcare,2,22.2587,71.1924
607,2024-04-26 06:00:00,Andhra Pradesh,Urban,25-34,Male,NOTA,Infrastructure,3,15.9129,79.74
608,2024-04-26 07:00:00,Kerala,Rural,18-24,Male,Candidate C,Inflation,1,10.8505,76.2711
609,2024-04-26 08:00:00,Gujarat,Urban,25-34,Male,Candidate A,Education,1,22.2587,71.1924
610,2024-04-26 09:00:00,Madhya Pradesh,Urban,25-34,Male,Candidate C,Education,5,22.9734,78.6569
611,2024-04-26 10:00:00,Uttar Pradesh,Urban,45+,Female,Candidate A,Inflation,4,26.8467,80.9462
612,2024-04-26 11:00:00,Tamil Nadu,Urban,25-34,Male,Candidate C,Jobs,2,11.1271,78.6569
613,2024-04-26 12:00:00,Punjab,Urban,45+,Male,Candidate B,Jobs,2,31.1471,75.3412
614,2024-04-26 13:00:00,Haryana,Rural,18-24,Male,Candidate C,Healthcare,2,29.0588,76.0856
615,2024-04-26 14:00:00,Andhra Pradesh,Urban,45+,Female,Candidate B,Inflation,4,15.9129,79.74
616,2024-04-26 15:00:00,Madhya Pradesh,Rural,45+,Female,Candidate B,Jobs,5,22.9734,78.6569
617,2024-04-26 16:00:00,Odisha,Urban,35-44,Male,Candidate A,Inflation,4,20.9517,85.0985
618,2024-04-26 17:00:00,Maharashtra,Rural,25-34,Male,Candidate C,Infrastructure,1,19.7515,75.7139
619,2024-04-26 18:00:00,Haryana,Rural,18-24,Male,Candidate A,Education,1,29.0588,76.0856
620,2024-04-26 19:00:00,Haryana,Urban,45+,Female,Candidate B,Education,2,29.0588,76.0856
621,2024-04-26 20:00:00,Haryana,Rural,18-24,Female,Candidate C,Education,3,29.0588,76.0856
622,2024-04-26 21:00:00,Rajasthan,Urban,35-44,Female,Candidate B,Inflation,2,27.0238,74.2179
623,2024-04-26 22:00:00,Madhya Pradesh,Rural,25-34,Male,Candidate A,Inflation,3,22.9734,78.6569
624,2024-04-26 23:00:00,Andhra Pradesh,Urban,45+,Female,Candidate B,Healthcare,4,15.9129,79.74
625,2024-04-27 00:00:00,Kerala,Rural,25-34,Male,Candidate A,Education,1,10.8505,76.2711
626,2024-04-27 01:00:00,Kerala,Urban,35-44,Male,Candidate B,Healthcare,3,10.8505,76.2711
627,2024-04-27 02:00:00,Madhya Pradesh,Urban,35-44,Male,Candidate A,Education,4,22.9734,78.6569
628,2024-04-27 03:00:00,Bihar,Rural,18-24,Female,Candidate A,Healthcare,1,25.0961,85.3131
629,2024-04-27 04:00:00,Rajasthan,Urban,45+,Male,Candidate A,Healthcare,3,27.0238,74.2179
630,2024-04-27 05:00:00,Maharashtra,Urban,18-24,Female,Candidate B,Infrastructure,2,19.7515,75.7139
631,2024-04-27 06:00:00,Haryana,Urban,35-44,Female,Candidate A,Healthcare,2,29.0588,76.0856
632,2024-04-27 07:00:00,Haryana,Urban,25-34,Male,Candidate A,Inflation,2,29.0588,76.0856
633,2024-04-27 08:00:00,Madhya Pradesh,Urban,18-24,Male,NOTA,Healthcare,4,22.9734,78.6569
634,2024-04-27 09:00:00,Bihar,Urban,18-24,Female,Candidate A,Education,2,25.0961,85.3131
635,2024-04-27 10:00:00,Kerala,Urban,25-34,Male,Candidate B,Healthcare,5,10.8505,76.2711
636,2024-04-27 11:00:00,Kerala,Urban,18-24,Female,Candidate C,Jobs,1,10.8505,76.2711
637,2024-04-27 12:00:00,Uttar Pradesh,Rural,25-34,Male,NOTA,Education,4,26.8467,80.9462
638,2024-04-27 13:00:00,Madhya Pradesh,Urban,45+,Female,Candidate C,Jobs,2,22.9734,78.6569
639,2024-04-27 14:00:00,Rajasthan,Urban,25-34,Female,Candidate B,Education,1,27.0238,74.2179
640,2024-04-27 15:00:00,Karnataka,Urban,45+,Female,Candidate C,Inflation,3,15.3173,75.7139
641,2024-04-27 16:00:00,Rajasthan,Urban,25-34,Female,Candidate B,Inflation,2,27.0238,74.2179
642,2024-04-27 17:00:00,Odisha,Rural,35-44,Male,Candidate C,Inflation,1,20.9517,85.0985
643,2024-04-27 18:00:00,Kerala,Urban,35-44,Male,Candidate A,Jobs,5,10.8505,76.2711
644,2024-04-27 19:00:00,Kerala,Urban,45+,Female,NOTA,Infrastructure,3,10.8505,76.2711
645,2024-04-27 20:00:00,Gujarat,Rural,45+,Female,Candidate B,Education,5,22.2587,71.1924
646,2024-04-27 21:00:00,Kerala,Rural,35-44,Male,Candidate B,Inflation,1,10.8505,76.2711
647,2024-04-27 22:00:00,Maharashtra,Urban,45+,Male,Candidate A,Education,5,19.7515,75.7139
648,2024-04-27 23:00:00,West Bengal,Rural,25-34,Male,Candidate C,Jobs,1,22.9868,87.855
649,2024-04-28 00:00:00,Madhya Pradesh,Rural,25-34,Male,Candidate A,Infrastructure,1,22.9734,78.6569
650,2024-04-28 01:00:00,Punjab,Urban,35-44,Male,Candidate C,Jobs,5,31.1471,75.3412
651,2024-04-28 02:00:00,Rajasthan,Rural,18-24,Male,Candidate C,Education,1,27.0238,74.2179
652,2024-04-28 03:00:00,West Bengal,Rural,25-34,Female,Candidate A,Infrastructure,2,22.9868,87.855
653,2024-04-28 04:00:00,Bihar,Urban,45+,Male,Candidate C,Infrastructure,1,25.0961,85.3131
654,2024-04-28 05:00:00,Karnataka,Urban,18-24,Male,Candidate C,Jobs,4,15.3173,75.7139
655,2024-04-28 06:00:00,Maharashtra,Urban,18-24,Female,Candidate B,Inflation,1,19.7515,75.7139
656,2024-04-28 07:00:00,Andhra Pradesh,Rural,25-34,Male,Candidate A,Education,4,15.9129,79.74
657,2024-04-28 08:00:00,Telangana,Rural,25-34,Male,Candidate A,Healthcare,1,18.1124,79.0193
658,2024-04-28 09:00:00,Rajasthan,Rural,18-24,Male,Candidate A,Healthcare,1,27.0238,74.2179
659,2024-04-28 10:00:00,West Bengal,Urban,18-24,Male,Candidate A,Jobs,5,22.9868,87.855
660,2024-04-28 11:00:00,Andhra Pradesh,Rural,35-44,Male,Candidate C,Education,2,15.9129,79.74
661,2024-04-28 12:00:00,Karnataka,Rural,45+,Female,Candidate A,Education,2,15.3173,75.7139
662,2024-04-28 13:00:00,Gujarat,Urban,35-44,Male,Candidate C,Jobs,3,22.2587,71.1924
663,2024-04-28 14:00:00,Andhra Pradesh,Urban,25-34,Female,Candidate A,Education,5,15.9129,79.74
664,2024-04-28 15:00:00,Maharashtra,Rural,35-44,Female,Candidate B,Inflation,5,19.7515,75.7139
665,2024-04-28 16:00:00,Maharashtra,Urban,35-44,Male,Candidate C,Jobs,2,19.7515,75.7139
666,2024-04-28 17:00:00,Punjab,Rural,35-44,Female,Candidate C,Inflation,5,31.1471,75.3412
667,2024-04-28 18:00:00,Gujarat,Urban,35-44,Male,Candidate A,Education,2,22.2587,71.1924
668,2024-04-28 19:00:00,Telangana,Urban,45+,Female,Candidate B,Jobs,5,18.1124,79.0193
669,2024-04-28 20:00:00,Madhya Pradesh,Urban,45+,Female,Candidate A,Education,1,22.9734,78.6569
670,2024-04-28 21:00:00,Andhra Pradesh,Urban,18-24,Male,Candidate A,Jobs,2,15.9129,79.74
671,2024-04-28 22:00:00,Gujarat,Rural,25-34,Male,Candidate A,Education,2,22.2587,71.1924
672,2024-04-28 23:00:00,Maharashtra,Urban,35-44,Male,Candidate B,Inflation,4,19.7515,75.7139
673,2024-04-29 00:00:00,Maharashtra,Rural,18-24,Male,Candidate A,Inflation,5,19.7515,75.7139
674,2024-04-29 01:00:00,West Bengal,Urban,18-24,Male,Candidate B,Education,5,22.9868,87.855
675,2024-04-29 02:00:00,Kerala,Rural,18-24,Female,Candidate A,Jobs,2,10.8505,76.2711
676,2024-04-29 03:00:00,Telangana,Urban,45+,Female,Candidate B,Healthcare,1,18.1124,79.0193
677,2024-04-29 04:00:00,Andhra Pradesh,Rural,35-44,Female,Candidate A,Inflation,1,15.9129,79.74
678,2024-04-29 05:00:00,Punjab,Rural,35-44,Female,Candidate C,Inflation,1,31.1471,75.3412
679,2024-04-29 06:00:00,Punjab,Urban,25-34,Female,Candidate C,Healthcare,5,31.1471,75.3412
680,2024-04-29 07:00:00,Andhra Pradesh,Urban,35-44,Female,Candidate B,Education,4,15.9129,79.74
681,2024-04-29 08:00:00,Odisha,Rural,35-44,Female,Candidate C,Jobs,2,20.9517,85.0985
682,2024-04-29 09:00:00,Haryana,Rural,18-24,Male,Candidate A,Education,3,29.0588,76.0856
683,2024-04-29 10:00:00,Karnataka,Urban,25-34,Male,Candidate B,Infrastructure,4,15.3173,75.7139
684,2024-04-29 11:00:00,Punjab,Rural,35-44,Female,Candidate A,Inflation,3,31.1471,75.3412
685,2024-04-29 12:00:00,Gujarat,Rural,45+,Female,Candidate A,Infrastructure,4,22.2587,71.1924
686,2024-04-29 13:00:00,Karnataka,Rural,35-44,Male,Candidate B,Inflation,1,15.3173,75.7139
687,2024-04-29 14:00:00,Gujarat,Rural,18-24,Male,Candidate C,Inflation,5,22.2587,71.1924
688,2024-04-29 15:00:00,Bihar,Rural,45+,Male,Candidate A,Infrastructure,3,25.0961,85.3131
689,2024-04-29 16:00:00,Maharashtra,Urban,18-24,Male,Candidate B,Infrastructure,4,19.7515,75.7139
690,2024-04-29 17:00:00,Kerala,Urban,35-44,Female,Candidate B,Education,5,10.8505,76.2711
691,2024-04-29 18:00:00,West Bengal,Urban,45+,Male,Candidate A,Infrastructure,3,22.9868,87.855
692,2024-04-29 19:00:00,Punjab,Rural,25-34,Female,Candidate A,Education,2,31.1471,75.3412
693,2024-04-29 20:00:00,Kerala,Rural,25-34,Female,Candidate A,Education,4,10.8505,76.2711
694,2024-04-29 21:00:00,Kerala,Urban,45+,Female,Candidate A,Education,2,10.8505,76.2711
695,2024-04-29 22:00:00,Kerala,Rural,45+,Male,Candidate A,Inflation,1,10.8505,76.2711
696,2024-04-29 23:00:00,Haryana,Rural,18-24,Male,Candidate A,Inflation,2,29.0588,76.0856
697,2024-04-30 00:00:00,Karnataka,Urban,45+,Female,Candidate A,Infrastructure,2,15.3173,75.7139
698,2024-04-30 01:00:00,Gujarat,Urban,18-24,Female,Candidate C,Inflation,4,22.2587,71.1924
699,2024-04-30 02:00:00,Tamil Nadu,Urban,35-44,Female,Candidate B,Infrastructure,1,11.1271,78.6569
700,2024-04-30 03:00:00,Bihar,Urban,18-24,Male,NOTA,Inflation,2,25.0961,85.3131
701,2024-04-30 04:00:00,Rajasthan,Urban,45+,Female,Candidate A,Jobs,5,27.0238,74.2179
702,2024-04-30 05:00:00,Kerala,Urban,45+,Male,Candidate C,Jobs,3,10.8505,76.2711
703,2024-04-30 06:00:00,Madhya Pradesh,Urban,35-44,Female,Candidate C,Infrastructure,2,22.9734,78.6569
704,2024-04-30 07:00:00,Karnataka,Urban,45+,Female,Candidate B,Inflation,1,15.3173,75.7139
705,2024-04-30 08:00:00,Punjab,Urban,45+,Female,Candidate A,Inflation,2,31.1471,75.3412
706,2024-04-30 09:00:00,Telangana,Urban,25-34,Male,Candidate C,Education,3,18.1124,79.0193
707,2024-04-30 10:00:00,Punjab,Rural,25-34,Male,Candidate A,Healthcare,1,31.1471,75.3412
708,2024-04-30 11:00:00,West Bengal,Urban,35-44,Female,Candidate A,Infrastructure,4,22.9868,87.855
709,2024-04-30 12:00:00,Rajasthan,Rural,18-24,Male,Candidate B,Healthcare,1,27.0238,74.2179
710,2024-04-30 13:00:00,Tamil Nadu,Rural,25-34,Female,Candidate B,Healthcare,4,11.1271,78.6569
711,2024-04-30 14:00:00,Madhya Pradesh,Urban,18-24,Male,Candidate A,Infrastructure,1,22.9734,78.6569
712,2024-04-30 15:00:00,Punjab,Urban,45+,Male,NOTA,Inflation,3,31.1471,75.3412
713,2024-04-30 16:00:00,Tamil Nadu,Urban,25-34,Male,Candidate B,Infrastructure,3,11.1271,78.6569
714,2024-04-30 17:00:00,Rajasthan,Rural,35-44,Female,Candidate B,Healthcare,1,27.0238,74.2179
715,2024-04-30 18:00:00,Kerala,Rural,35-44,Male,NOTA,Inflation,2,10.8505,76.2711
716,2024-04-30 19:00:00,Madhya Pradesh,Urban,35-44,Male,Candidate B,Jobs,3,22.9734,78.6569
717,2024-04-30 20:00:00,Tamil Nadu,Urban,25-34,Female,NOTA,Infrastructure,4,11.1271,78.6569
718,2024-04-30 21:00:00,West Bengal,Urban,18-24,Female,Candidate B,Infrastructure,4,22.9868,87.855
719,2024-04-30 22:00:00,Gujarat,Urban,45+,Female,Candidate A,Inflation,5,22.2587,71.1924
720,2024-04-30 23:00:00,Maharashtra,Rural,18-24,Female,Candidate C,Jobs,4,19.7515,75.7139
721,2024-05-01 00:00:00,Gujarat,Urban,18-24,Male,Candidate B,Jobs,5,22.2587,71.1924
722,2024-05-01 01:00:00,Rajasthan,Rural,45+,Male,Candidate C,Inflation,1,27.0238,74.2179
723,2024-05-01 02:00:00,Karnataka,Urban,45+,Male,NOTA,Education,1,15.3173,75.7139
724,2024-05-01 03:00:00,Maharashtra,Rural,25-34,Male,Candidate C,Infrastructure,1,19.7515,75.7139
725,2024-05-01 04:00:00,Bihar,Urban,25-34,Male,Candidate B,Infrastructure,2,25.0961,85.3131
726,2024-05-01 05:00:00,West Bengal,Urban,25-34,Female,Candidate C,Healthcare,2,22.9868,87.855
727,2024-05-01 06:00:00,Bihar,Rural,25-34,Male,Candidate B,Inflation,5,25.0961,85.3131
728,2024-05-01 07:00:00,Haryana,Urban,25-34,Male,Candidate A,Healthcare,4,29.0588,76.0856
729,2024-05-01 08:00:00,Madhya Pradesh,Rural,45+,Male,Candidate C,Healthcare,4,22.9734,78.6569
730,2024-05-01 09:00:00,Andhra Pradesh,Rural,18-24,Female,Candidate A,Jobs,1,15.9129,79.74
731,2024-05-01 10:00:00,Maharashtra,Rural,25-34,Female,Candidate B,Infrastructure,3,19.7515,75.7139
732,2024-05-01 11:00:00,Bihar,Rural,25-34,Male,Candidate C,Healthcare,2,25.0961,85.3131
733,2024-05-01 12:00:00,Punjab,Rural,18-24,Female,Candidate B,Jobs,2,31.1471,75.3412
734,2024-05-01 13:00:00,Bihar,Rural,25-34,Female,Candidate B,Inflation,1,25.0961,85.3131
735,2024-05-01 14:00:00,Tamil Nadu,Rural,18-24,Female,Candidate C,Healthcare,2,11.1271,78.6569
736,2024-05-01 15:00:00,Gujarat,Rural,18-24,Female,Candidate B,Infrastructure,1,22.2587,71.1924
737,2024-05-01 16:00:00,Tamil Nadu,Urban,45+,Female,Candidate C,Healthcare,5,11.1271,78.6569
738,2024-05-01 17:00:00,Haryana,Urban,35-44,Female,Candidate A,Inflation,4,29.0588,76.0856
739,2024-05-01 18:00:00,Maharashtra,Urban,45+,Female,Candidate A,Healthcare,3,19.7515,75.7139
740,2024-05-01 19:00:00,Maharashtra,Urban,35-44,Male,Candidate A,Infrastructure,4,19.7515,75.7139
741,2024-05-01 20:00:00,Haryana,Urban,35-44,Male,Candidate B,Jobs,4,29.0588,76.0856
742,2024-05-01 21:00:00,Rajasthan,Urban,35-44,Female,Candidate B,Infrastructure,5,27.0238,74.2179
743,2024-05-01 22:00:00,Tamil Nadu,Urban,25-34,Male,Candidate C,Jobs,2,11.1271,78.6569
744,2024-05-01 23:00:00,Uttar Pradesh,Rural,45+,Male,Candidate A,Education,3,26.8467,80.9462
745,2024-05-02 00:00:00,Punjab,Rural,35-44,Female,Candidate B,Infrastructure,2,31.1471,75.3412
746,2024-05-02 01:00:00,Telangana,Urban,18-24,Male,Candidate A,Infrastructure,4,18.1124,79.0193
747,2024-05-02 02:00:00,Gujarat,Urban,25-34,Female,Candidate A,Inflation,1,22.2587,71.1924
748,2024-05-02 03:00:00,Maharashtra,Rural,45+,Female,Candidate B,Healthcare,4,19.7515,75.7139
749,2024-05-02 04:00:00,Rajasthan,Urban,35-44,Female,Candidate A,Jobs,2,27.0238,74.2179
750,2024-05-02 05:00:00,Andhra Pradesh,Rural,18-24,Male,Candidate A,Jobs,4,15.9129,79.74
751,2024-05-02 06:00:00,Punjab,Urban,45+,Male,Candidate A,Inflation,1,31.1471,75.3412
752,2024-05-02 07:00:00,Tamil Nadu,Urban,45+,Male,Candidate A,Inflation,5,11.1271,78.6569
753,2024-05-02 08:00:00,Gujarat,Rural,25-34,Male,Candidate B,Healthcare,2,22.2587,71.1924
754,2024-05-02 09:00:00,Andhra Pradesh,Urban,45+,Female,Candidate A,Healthcare,4,15.9129,79.74
755,2024-05-02 10:00:00,Tamil Nadu,Rural,25-34,Female,Candidate C,Infrastructure,2,11.1271,78.6569
756,2024-05-02 11:00:00,Bihar,Rural,35-44,Male,Candidate C,Education,5,25.0961,85.3131
757,2024-05-02 12:00:00,Andhra Pradesh,Urban,25-34,Female,Candidate B,Healthcare,4,15.9129,79.74
758,2024-05-02 13:00:00,Haryana,Rural,18-24,Female,NOTA,Inflation,4,29.0588,76.0856
759,2024-05-02 14:00:00,Odisha,Rural,25-34,Male,Candidate B,Healthcare,2,20.9517,85.0985
760,2024-05-02 15:00:00,Rajasthan,Urban,18-24,Female,Candidate B,Jobs,2,27.0238,74.2179
761,2024-05-02 16:00:00,Gujarat,Rural,25-34,Male,NOTA,Education,1,22.2587,71.1924
762,2024-05-02 17:00:00,Kerala,Rural,45+,Female,Candidate A,Infrastructure,5,10.8505,76.2711
763,2024-05-02 18:00:00,Odisha,Rural,35-44,Male,NOTA,Jobs,1,20.9517,85.0985
764,2024-05-02 19:00:00,Madhya Pradesh,Rural,18-24,Female,Candidate A,Jobs,4,22.9734,78.6569
765,2024-05-02 20:00:00,Madhya Pradesh,Urban,25-34,Female,Candidate B,Education,2,22.9734,78.6569
766,2024-05-02 21:00:00,Gujarat,Rural,25-34,Male,Candidate A,Infrastructure,4,22.2587,71.1924
767,2024-05-02 22:00:00,Andhra Pradesh,Rural,25-34,Male,Candidate B,Inflation,4,15.9129,79.74
768,2024-05-02 23:00:00,Tamil Nadu,Rural,45+,Male,Candidate B,Infrastructure,3,11.1271,78.6569
769,2024-05-03 00:00:00,Rajasthan,Rural,45+,Male,Candidate B,Healthcare,3,27.0238,74.2179
770,2024-05-03 01:00:00,Telangana,Rural,18-24,Female,Candidate A,Jobs,4,18.1124,79.0193
771,2024-05-03 02:00:00,Madhya Pradesh,Urban,18-24,Female,Candidate A,Healthcare,2,22.9734,78.6569
772,2024-05-03 03:00:00,Rajasthan,Rural,45+,Male,Candidate A,Inflation,4,27.0238,74.2179
773,2024-05-03 04:00:00,Madhya Pradesh,Urban,18-24,Female,Candidate A,Healthcare,3,22.9734,78.6569
774,2024-05-03 05:00:00,Bihar,Rural,35-44,Male,NOTA,Infrastructure,2,25.0961,85.3131
775,2024-05-03 06:00:00,Tamil Nadu,Rural,35-44,Male,Candidate A,Healthcare,4,11.1271,78.6569
776,2024-05-03 07:00:00,Bihar,Urban,45+,Female,Candidate C,Inflation,5,25.0961,85.3131
777,2024-05-03 08:00:00,Punjab,Urban,18-24,Female,Candidate C,Inflation,5,31.1471,75.3412
778,2024-05-03 09:00:00,Madhya Pradesh,Urban,25-34,Male,Candidate A,Inflation,4,22.9734,78.6569
779,2024-05-03 10:00:00,Kerala,Urban,35-44,Male,Candidate B,Infrastructure,2,10.8505,76.2711
780,2024-05-03 11:00:00,Kerala,Rural,45+,Male,Candidate A,Inflation,4,10.8505,76.2711
781,2024-05-03 12:00:00,Bihar,Rural,18-24,Female,Candidate A,Jobs,4,25.0961,85.3131
782,2024-05-03 13:00:00,Haryana,Rural,45+,Female,Candidate A,Inflation,3,29.0588,76.0856
783,2024-05-03 14:00:00,Odisha,Urban,25-34,Female,Candidate B,Healthcare,5,20.9517,85.0985
784,2024-05-03 15:00:00,Kerala,Rural,35-44,Female,Candidate A,Healthcare,3,10.8505,76.2711
785,2024-05-03 16:00:00,Madhya Pradesh,Urban,45+,Male,Candidate B,Healthcare,3,22.9734,78.6569
786,2024-05-03 17:00:00,Gujarat,Urban,45+,Male,Candidate B,Infrastructure,4,22.2587,71.1924
787,2024-05-03 18:00:00,Bihar,Rural,45+,Male,Candidate A,Healthcare,3,25.0961,85.3131
788,2024-05-03 19:00:00,Punjab,Rural,25-34,Male,Candidate B,Infrastructure,5,31.1471,75.3412
789,2024-05-03 20:00:00,Telangana,Urban,45+,Male,Candidate C,Infrastructure,3,18.1124,79.0193
790,2024-05-03 21:00:00,Telangana,Urban,25-34,Male,Candidate A,Inflation,5,18.1124,79.0193
791,2024-05-03 22:00:00,Karnataka,Urban,25-34,Female,Candidate A,Jobs,3,15.3173,75.7139
792,2024-05-03 23:00:00,Odisha,Urban,25-34,Female,Candidate B,Inflation,5,20.9517,85.0985
793,2024-05-04 00:00:00,Andhra Pradesh,Rural,35-44,Male,Candidate A,Inflation,3,15.9129,79.74
794,2024-05-04 01:00:00,Tamil Nadu,Urban,35-44,Male,Candidate B,Infrastructure,3,11.1271,78.6569
795,2024-05-04 02:00:00,Kerala,Urban,45+,Female,Candidate A,Infrastructure,2,10.8505,76.2711
796,2024-05-04 03:00:00,Kerala,Urban,45+,Female,Candidate A,Healthcare,5,10.8505,76.2711
797,2024-05-04 04:00:00,Andhra Pradesh,Urban,35-44,Female,Candidate A,Healthcare,5,15.9129,79.74
798,2024-05-04 05:00:00,Maharashtra,Urban,18-24,Female,Candidate A,Inflation,5,19.7515,75.7139
799,2024-05-04 06:00:00,Punjab,Urban,35-44,Male,Candidate B,Education,1,31.1471,75.3412
800,2024-05-04 07:00:00,Uttar Pradesh,Urban,25-34,Male,Candidate B,Education,3,26.8467,80.9462
801,2024-05-04 08:00:00,Bihar,Urban,35-44,Male,Candidate C,Healthcare,5,25.0961,85.3131
802,2024-05-04 09:00:00,Haryana,Rural,25-34,Male,Candidate C,Education,1,29.0588,76.0856
803,2024-05-04 10:00:00,Punjab,Urban,45+,Male,Candidate B,Healthcare,2,31.1471,75.3412
804,2024-05-04 11:00:00,West Bengal,Rural,18-24,Female,Candidate C,Infrastructure,5,22.9868,87.855
805,2024-05-04 12:00:00,Kerala,Urban,45+,Male,Candidate A,Inflation,5,10.8505,76.2711
806,2024-05-04 13:00:00,Tamil Nadu,Rural,25-34,Female,Candidate A,Jobs,1,11.1271,78.6569
807,2024-05-04 14:00:00,Karnataka,Rural,25-34,Male,Candidate B,Inflation,3,15.3173,75.7139
808,2024-05-04 15:00:00,Telangana,Rural,25-34,Male,Candidate A,Healthcare,2,18.1124,79.0193
809,2024-05-04 16:00:00,Kerala,Rural,18-24,Male,Candidate B,Healthcare,5,10.8505,76.2711
810,2024-05-04 17:00:00,Karnataka,Urban,35-44,Male,Candidate A,Inflation,3,15.3173,75.7139
811,2024-05-04 18:00:00,Madhya Pradesh,Urban,45+,Male,Candidate B,Healthcare,2,22.9734,78.6569
812,2024-05-04 19:00:00,Punjab,Urban,45+,Female,Candidate C,Education,4,31.1471,75.3412
813,2024-05-04 20:00:00,Madhya Pradesh,Rural,35-44,Female,Candidate C,Education,4,22.9734,78.6569
814,2024-05-04 21:00:00,Uttar Pradesh,Urban,45+,Female,Candidate B,Healthcare,2,26.8467,80.9462
815,2024-05-04 22:00:00,Gujarat,Urban,18-24,Male,Candidate C,Healthcare,1,22.2587,71.1924
816,2024-05-04 23:00:00,West Bengal,Rural,45+,Male,Candidate B,Education,2,22.9868,87.855
817,2024-05-05 00:00:00,Punjab,Rural,25-34,Female,Candidate B,Healthcare,2,31.1471,75.3412
818,2024-05-05 01:00:00,Maharashtra,Rural,35-44,Male,Candidate A,Healthcare,1,19.7515,75.7139
819,2024-05-05 02:00:00,Uttar Pradesh,Rural,18-24,Male,Candidate B,Inflation,1,26.8467,80.9462
820,2024-05-05 03:00:00,Rajasthan,Rural,35-44,Female,Candidate B,Jobs,3,27.0238,74.2179
821,2024-05-05 04:00:00,Maharashtra,Urban,18-24,Male,NOTA,Education,3,19.7515,75.7139
822,2024-05-05 05:00:00,Odisha,Urban,25-34,Female,Candidate B,Inflation,1,20.9517,85.0985
823,2024-05-05 06:00:00,Bihar,Urban,35-44,Male,Candidate B,Jobs,4,25.0961,85.3131
824,2024-05-05 07:00:00,Tamil Nadu,Urban,45+,Female,Candidate B,Healthcare,4,11.1271,78.6569
825,2024-05-05 08:00:00,Punjab,Rural,18-24,Male,Candidate B,Healthcare,2,31.1471,75.3412
826,2024-05-05 09:00:00,Rajasthan,Urban,35-44,Male,Candidate C,Inflation,5,27.0238,74.2179
827,2024-05-05 10:00:00,Rajasthan,Rural,45+,Female,Candidate A,Healthcare,2,27.0238,74.2179
828,2024-05-05 11:00:00,Uttar Pradesh,Urban,35-44,Male,Candidate B,Infrastructure,2,26.8467,80.9462
829,2024-05-05 12:00:00,Andhra Pradesh,Rural,35-44,Male,Candidate C,Inflation,5,15.9129,79.74
830,2024-05-05 13:00:00,Odisha,Rural,35-44,Female,Candidate B,Jobs,1,20.9517,85.0985
831,2024-05-05 14:00:00,Gujarat,Urban,18-24,Male,Candidate A,Inflation,4,22.2587,71.1924
832,2024-05-05 15:00:00,Punjab,Urban,45+,Female,Candidate B,Education,2,31.1471,75.3412
833,2024-05-05 16:00:00,Andhra Pradesh,Urban,25-34,Male,Candidate C,Inflation,5,15.9129,79.74
834,2024-05-05 17:00:00,Uttar Pradesh,Urban,18-24,Male,Candidate A,Healthcare,3,26.8467,80.9462
835,2024-05-05 18:00:00,Bihar,Urban,18-24,Male,Candidate C,Healthcare,2,25.0961,85.3131
836,2024-05-05 19:00:00,Telangana,Urban,18-24,Male,Candidate C,Infrastructure,4,18.1124,79.0193
837,2024-05-05 20:00:00,Kerala,Urban,25-34,Female,Candidate B,Infrastructure,1,10.8505,76.2711
838,2024-05-05 21:00:00,Kerala,Rural,45+,Male,NOTA,Infrastructure,2,10.8505,76.2711
839,2024-05-05 22:00:00,Gujarat,Urban,45+,Female,Candidate C,Jobs,2,22.2587,71.1924
840,2024-05-05 23:00:00,Bihar,Rural,45+,Male,Candidate C,Infrastructure,5,25.0961,85.3131
841,2024-05-06 00:00:00,Haryana,Urban,35-44,Male,Candidate C,Jobs,3,29.0588,76.0856
842,2024-05-06 01:00:00,Gujarat,Rural,35-44,Male,Candidate A,Infrastructure,3,22.2587,71.1924
843,2024-05-06 02:00:00,Punjab,Urban,35-44,Male,Candidate A,Jobs,1,31.1471,75.3412
844,2024-05-06 03:00:00,Punjab,Urban,25-34,Female,Candidate B,Inflation,4,31.1471,75.3412
845,2024-05-06 04:00:00,Karnataka,Rural,35-44,Female,Candidate A,Inflation,1,15.3173,75.7139
846,2024-05-06 05:00:00,Andhra Pradesh,Urban,25-34,Female,Candidate A,Healthcare,2,15.9129,79.74
847,2024-05-06 06:00:00,Haryana,Rural,45+,Female,Candidate C,Jobs,2,29.0588,76.0856
848,2024-05-06 07:00:00,Kerala,Rural,35-44,Male,Candidate C,Education,3,10.8505,76.2711
849,2024-05-06 08:00:00,Rajasthan,Urban,35-44,Female,Candidate B,Healthcare,4,27.0238,74.2179
850,2024-05-06 09:00:00,Andhra Pradesh,Urban,18-24,Female,Candidate C,Inflation,5,15.9129,79.74
851,2024-05-06 10:00:00,West Bengal,Urban,25-34,Male,Candidate C,Jobs,4,22.9868,87.855
852,2024-05-06 11:00:00,Punjab,Rural,45+,Male,Candidate A,Infrastructure,2,31.1471,75.3412
853,2024-05-06 12:00:00,Odisha,Urban,18-24,Male,Candidate A,Education,5,20.9517,85.0985
854,2024-05-06 13:00:00,Tamil Nadu,Urban,18-24,Male,Candidate B,Inflation,4,11.1271,78.6569
855,2024-05-06 14:00:00,Bihar,Urban,45+,Female,Candidate B,Healthcare,4,25.0961,85.3131
856,2024-05-06 15:00:00,Maharashtra,Rural,18-24,Female,Candidate B,Jobs,5,19.7515,75.7139
857,2024-05-06 16:00:00,Gujarat,Urban,25-34,Male,Candidate B,Education,2,22.2587,71.1924
858,2024-05-06 17:00:00,Punjab,Urban,25-34,Male,Candidate A,Jobs,4,31.1471,75.3412
859,2024-05-06 18:00:00,Andhra Pradesh,Rural,35-44,Male,Candidate C,Infrastructure,5,15.9129,79.74
860,2024-05-06 19:00:00,Haryana,Rural,18-24,Female,Candidate C,Healthcare,2,29.0588,76.0856
861,2024-05-06 20:00:00,Tamil Nadu,Urban,35-44,Female,Candidate B,Jobs,5,11.1271,78.6569
862,2024-05-06 21:00:00,Odisha,Urban,18-24,Male,NOTA,Inflation,5,20.9517,85.0985
863,2024-05-06 22:00:00,Andhra Pradesh,Urban,25-34,Male,Candidate C,Healthcare,4,15.9129,79.74
864,2024-05-06 23:00:00,Maharashtra,Rural,25-34,Female,Candidate C,Inflation,2,19.7515,75.7139
865,2024-05-07 00:00:00,Tamil Nadu,Urban,25-34,Male,NOTA,Jobs,4,11.1271,78.6569
866,2024-05-07 01:00:00,West Bengal,Urban,18-24,Male,Candidate C,Healthcare,1,22.9868,87.855
867,2024-05-07 02:00:00,Maharashtra,Rural,25-34,Female,Candidate B,Inflation,1,19.7515,75.7139
868,2024-05-07 03:00:00,Uttar Pradesh,Rural,18-24,Male,Candidate A,Infrastructure,2,26.8467,80.9462
869,2024-05-07 04:00:00,Madhya Pradesh,Urban,35-44,Female,Candidate B,Infrastructure,5,22.9734,78.6569
870,2024-05-07 05:00:00,Uttar Pradesh,Rural,18-24,Male,Candidate B,Jobs,4,26.8467,80.9462
871,2024-05-07 06:00:00,Kerala,Urban,35-44,Male,Candidate A,Healthcare,4,10.8505,76.2711
872,2024-05-07 07:00:00,Andhra Pradesh,Urban,18-24,Female,Candidate A,Education,2,15.9129,79.74
873,2024-05-07 08:00:00,Punjab,Urban,35-44,Female,NOTA,Healthcare,2,31.1471,75.3412
874,2024-05-07 09:00:00,Punjab,Rural,25-34,Male,Candidate C,Infrastructure,1,31.1471,75.3412
875,2024-05-07 10:00:00,Punjab,Urban,35-44,Female,Candidate C,Inflation,3,31.1471,75.3412
876,2024-05-07 11:00:00,Odisha,Urban,25-34,Male,Candidate A,Education,2,20.9517,85.0985
877,2024-05-07 12:00:00,Madhya Pradesh,Urban,25-34,Male,Candidate A,Jobs,3,22.9734,78.6569
878,2024-05-07 13:00:00,Uttar Pradesh,Rural,35-44,Female,Candidate A,Education,2,26.8467,80.9462
879,2024-05-07 14:00:00,Madhya Pradesh,Urban,18-24,Male,Candidate A,Jobs,5,22.9734,78.6569
880,2024-05-07 15:00:00,Telangana,Urban,18-24,Male,Candidate A,Education,5,18.1124,79.0193
881,2024-05-07 16:00:00,Andhra Pradesh,Urban,45+,Female,Candidate A,Jobs,1,15.9129,79.74
882,2024-05-07 17:00:00,Madhya Pradesh,Urban,18-24,Female,NOTA,Jobs,1,22.9734,78.6569
883,2024-05-07 18:00:00,Rajasthan,Rural,45+,Male,Candidate B,Education,3,27.0238,74.2179
884,2024-05-07 19:00:00,Gujarat,Rural,18-24,Female,Candidate A,Education,2,22.2587,71.1924
885,2024-05-07 20:00:00,Gujarat,Urban,18-24,Female,Candidate A,Jobs,4,22.2587,71.1924
886,2024-05-07 21:00:00,Rajasthan,Urban,25-34,Female,Candidate B,Infrastructure,1,27.0238,74.2179
887,2024-05-07 22:00:00,Tamil Nadu,Rural,45+,Female,Candidate A,Education,4,11.1271,78.6569
888,2024-05-07 23:00:00,Karnataka,Urban,18-24,Male,NOTA,Healthcare,4,15.3173,75.7139
889,2024-05-08 00:00:00,Odisha,Urban,45+,Male,Candidate A,Inflation,2,20.9517,85.0985
890,2024-05-08 01:00:00,Tamil Nadu,Rural,25-34,Male,Candidate A,Jobs,3,11.1271,78.6569
891,2024-05-08 02:00:00,Maharashtra,Rural,25-34,Female,Candidate A,Jobs,2,19.7515,75.7139
892,2024-05-08 03:00:00,Haryana,Urban,45+,Female,Candidate A,Inflation,1,29.0588,76.0856
893,2024-05-08 04:00:00,Odisha,Urban,25-34,Female,Candidate B,Infrastructure,4,20.9517,85.0985
894,2024-05-08 05:00:00,Odisha,Urban,35-44,Female,Candidate B,Inflation,2,20.9517,85.0985
895,2024-05-08 06:00:00,Maharashtra,Urban,35-44,Female,Candidate B,Education,2,19.7515,75.7139
896,2024-05-08 07:00:00,Madhya Pradesh,Urban,25-34,Female,Candidate A,Inflation,2,22.9734,78.6569
897,2024-05-08 08:00:00,Uttar Pradesh,Urban,35-44,Female,Candidate B,Jobs,1,26.8467,80.9462
898,2024-05-08 09:00:00,Uttar Pradesh,Urban,18-24,Male,Candidate B,Inflation,3,26.8467,80.9462
899,2024-05-08 10:00:00,Gujarat,Rural,45+,Male,Candidate C,Healthcare,2,22.2587,71.1924
900,2024-05-08 11:00:00,Bihar,Rural,18-24,Female,Candidate A,Education,1,25.0961,85.3131
901,2024-05-08 12:00:00,Tamil Nadu,Urban,45+,Female,Candidate A,Inflation,4,11.1271,78.6569
902,2024-05-08 13:00:00,Telangana,Urban,25-34,Female,Candidate B,Jobs,5,18.1124,79.0193
903,2024-05-08 14:00:00,Andhra Pradesh,Rural,18-24,Male,Candidate B,Education,1,15.9129,79.74
904,2024-05-08 15:00:00,Kerala,Urban,25-34,Male,Candidate B,Jobs,5,10.8505,76.2711
905,2024-05-08 16:00:00,West Bengal,Urban,25-34,Female,Candidate B,Infrastructure,2,22.9868,87.855
906,2024-05-08 17:00:00,Uttar Pradesh,Rural,45+,Female,Candidate B,Healthcare,2,26.8467,80.9462
907,2024-05-08 18:00:00,Andhra Pradesh,Urban,45+,Male,Candidate C,Infrastructure,1,15.9129,79.74
908,2024-05-08 19:00:00,West Bengal,Rural,45+,Male,Candidate B,Healthcare,5,22.9868,87.855
909,2024-05-08 20:00:00,Andhra Pradesh,Rural,18-24,Male,NOTA,Inflation,2,15.9129,79.74
910,2024-05-08 21:00:00,Madhya Pradesh,Urban,35-44,Male,Candidate B,Education,4,22.9734,78.6569
911,2024-05-08 22:00:00,West Bengal,Urban,45+,Female,NOTA,Inflation,3,22.9868,87.855
912,2024-05-08 23:00:00,Kerala,Urban,45+,Male,Candidate C,Healthcare,3,10.8505,76.2711
913,2024-05-09 00:00:00,Andhra Pradesh,Rural,18-24,Male,Candidate A,Healthcare,2,15.9129,79.74
914,2024-05-09 01:00:00,Rajasthan,Rural,45+,Female,Candidate C,Healthcare,5,27.0238,74.2179
915,2024-05-09 02:00:00,Kerala,Rural,18-24,Male,Candidate A,Jobs,2,10.8505,76.2711
916,2024-05-09 03:00:00,West Bengal,Urban,25-34,Male,NOTA,Education,5,22.9868,87.855
917,2024-05-09 04:00:00,Kerala,Rural,45+,Male,Candidate B,Inflation,4,10.8505,76.2711
918,2024-05-09 05:00:00,Andhra Pradesh,Rural,45+,Female,Candidate A,Inflation,5,15.9129,79.74
919,2024-05-09 06:00:00,Karnataka,Rural,25-34,Male,Candidate B,Infrastructure,2,15.3173,75.7139
920,2024-05-09 07:00:00,Andhra Pradesh,Rural,25-34,Female,NOTA,Healthcare,4,15.9129,79.74
921,2024-05-09 08:00:00,Andhra Pradesh,Rural,25-34,Female,Candidate A,Healthcare,1,15.9129,79.74
922,2024-05-09 09:00:00,Madhya Pradesh,Rural,45+,Male,Candidate B,Healthcare,3,22.9734,78.6569
923,2024-05-09 10:00:00,Tamil Nadu,Urban,35-44,Male,Candidate C,Inflation,2,11.1271,78.6569
924,2024-05-09 11:00:00,Rajasthan,Urban,35-44,Male,Candidate C,Infrastructure,2,27.0238,74.2179
925,2024-05-09 12:00:00,Telangana,Urban,35-44,Male,Candidate A,Jobs,2,18.1124,79.0193
926,2024-05-09 13:00:00,Uttar Pradesh,Rural,45+,Female,Candidate A,Education,4,26.8467,80.9462
927,2024-05-09 14:00:00,Odisha,Urban,25-34,Male,Candidate A,Jobs,1,20.9517,85.0985
928,2024-05-09 15:00:00,Maharashtra,Rural,45+,Male,Candidate B,Inflation,5,19.7515,75.7139
929,2024-05-09 16:00:00,Tamil Nadu,Rural,25-34,Male,Candidate B,Healthcare,1,11.1271,78.6569
930,2024-05-09 17:00:00,Maharashtra,Rural,45+,Female,NOTA,Education,4,19.7515,75.7139
931,2024-05-09 18:00:00,Madhya Pradesh,Urban,45+,Male,Candidate A,Inflation,2,22.9734,78.6569
932,2024-05-09 19:00:00,Rajasthan,Urban,25-34,Male,Candidate B,Inflation,3,27.0238,74.2179
933,2024-05-09 20:00:00,Punjab,Urban,35-44,Female,Candidate A,Inflation,2,31.1471,75.3412
934,2024-05-09 21:00:00,Andhra Pradesh,Rural,25-34,Female,Candidate A,Education,5,15.9129,79.74
935,2024-05-09 22:00:00,Punjab,Rural,18-24,Male,Candidate B,Education,3,31.1471,75.3412
936,2024-05-09 23:00:00,Punjab,Rural,18-24,Male,Candidate B,Infrastructure,2,31.1471,75.3412
937,2024-05-10 00:00:00,Haryana,Urban,25-34,Male,Candidate B,Infrastructure,3,29.0588,76.0856
938,2024-05-10 01:00:00,Gujarat,Rural,45+,Male,NOTA,Jobs,1,22.2587,71.1924
939,2024-05-10 02:00:00,Punjab,Rural,18-24,Male,Candidate B,Education,4,31.1471,75.3412
940,2024-05-10 03:00:00,Uttar Pradesh,Urban,18-24,Female,NOTA,Education,2,26.8467,80.9462
941,2024-05-10 04:00:00,Karnataka,Rural,45+,Female,Candidate C,Education,5,15.3173,75.7139
942,2024-05-10 05:00:00,Gujarat,Urban,45+,Male,Candidate B,Infrastructure,1,22.2587,71.1924
943,2024-05-10 06:00:00,Madhya Pradesh,Urban,35-44,Male,Candidate C,Inflation,2,22.9734,78.6569
944,2024-05-10 07:00:00,Odisha,Rural,45+,Female,Candidate B,Healthcare,1,20.9517,85.0985
945,2024-05-10 08:00:00,Tamil Nadu,Urban,25-34,Male,Candidate A,Infrastructure,5,11.1271,78.6569
946,2024-05-10 09:00:00,Karnataka,Rural,25-34,Male,Candidate C,Education,2,15.3173,75.7139
947,2024-05-10 10:00:00,Kerala,Rural,35-44,Male,Candidate A,Infrastructure,5,10.8505,76.2711
948,2024-05-10 11:00:00,West Bengal,Urban,18-24,Male,Candidate B,Jobs,3,22.9868,87.855
949,2024-05-10 12:00:00,Haryana,Urban,18-24,Male,Candidate B,Education,5,29.0588,76.0856
950,2024-05-10 13:00:00,Karnataka,Urban,45+,Female,Candidate A,Jobs,3,15.3173,75.7139
951,2024-05-10 14:00:00,Telangana,Rural,25-34,Male,Candidate A,Education,2,18.1124,79.0193
952,2024-05-10 15:00:00,Punjab,Urban,18-24,Male,NOTA,Infrastructure,3,31.1471,75.3412
953,2024-05-10 16:00:00,Madhya Pradesh,Urban,35-44,Male,Candidate B,Inflation,2,22.9734,78.6569
954,2024-05-10 17:00:00,Bihar,Urban,35-44,Female,Candidate A,Healthcare,2,25.0961,85.3131
955,2024-05-10 18:00:00,West Bengal,Rural,25-34,Female,Candidate B,Jobs,4,22.9868,87.855
956,2024-05-10 19:00:00,Maharashtra,Urban,35-44,Female,Candidate B,Infrastructure,2,19.7515,75.7139
957,2024-05-10 20:00:00,Uttar Pradesh,Rural,35-44,Female,Candidate B,Inflation,3,26.8467,80.9462
958,2024-05-10 21:00:00,Maharashtra,Rural,25-34,Male,NOTA,Infrastructure,4,19.7515,75.7139
959,2024-05-10 22:00:00,Karnataka,Urban,45+,Female,Candidate B,Jobs,4,15.3173,75.7139
960,2024-05-10 23:00:00,Odisha,Urban,45+,Male,Candidate A,Healthcare,2,20.9517,85.0985
961,2024-05-11 00:00:00,Maharashtra,Rural,35-44,Male,Candidate C,Infrastructure,5,19.7515,75.7139
962,2024-05-11 01:00:00,Telangana,Rural,45+,Female,Candidate C,Education,5,18.1124,79.0193
963,2024-05-11 02:00:00,Madhya Pradesh,Rural,45+,Female,Candidate A,Inflation,4,22.9734,78.6569
964,2024-05-11 03:00:00,Kerala,Rural,35-44,Female,Candidate A,Infrastructure,2,10.8505,76.2711
965,2024-05-11 04:00:00,Odisha,Urban,45+,Female,Candidate A,Inflation,5,20.9517,85.0985
966,2024-05-11 05:00:00,Tamil Nadu,Urban,35-44,Female,Candidate B,Education,2,11.1271,78.6569
967,2024-05-11 06:00:00,Uttar Pradesh,Urban,18-24,Male,Candidate B,Healthcare,2,26.8467,80.9462
968,2024-05-11 07:00:00,Telangana,Urban,25-34,Female,Candidate B,Healthcare,4,18.1124,79.0193
969,2024-05-11 08:00:00,Telangana,Urban,25-34,Female,NOTA,Education,4,18.1124,79.0193
970,2024-05-11 09:00:00,Maharashtra,Urban,45+,Female,Candidate C,Inflation,1,19.7515,75.7139
971,2024-05-11 10:00:00,Punjab,Urban,45+,Male,Candidate A,Infrastructure,5,31.1471,75.3412
972,2024-05-11 11:00:00,Maharashtra,Rural,45+,Female,Candidate A,Education,5,19.7515,75.7139
973,2024-05-11 12:00:00,Karnataka,Rural,25-34,Male,Candidate B,Jobs,5,15.3173,75.7139
974,2024-05-11 13:00:00,Tamil Nadu,Urban,18-24,Female,Candidate A,Inflation,3,11.1271,78.6569
975,2024-05-11 14:00:00,Gujarat,Rural,18-24,Female,Candidate B,Healthcare,2,22.2587,71.1924
976,2024-05-11 15:00:00,Odisha,Urban,25-34,Male,Candidate C,Education,4,20.9517,85.0985
977,2024-05-11 16:00:00,Maharashtra,Rural,18-24,Female,Candidate A,Healthcare,5,19.7515,75.7139
978,2024-05-11 17:00:00,Madhya Pradesh,Urban,25-34,Male,Candidate B,Inflation,1,22.9734,78.6569
979,2024-05-11 18:00:00,Bihar,Rural,18-24,Male,Candidate C,Healthcare,5,25.0961,85.3131
980,2024-05-11 19:00:00,Uttar Pradesh,Rural,35-44,Male,Candidate A,Education,2,26.8467,80.9462
981,2024-05-11 20:00:00,Andhra Pradesh,Urban,35-44,Female,Candidate A,Inflation,2,15.9129,79.74
982,2024-05-11 21:00:00,Maharashtra,Urban,25-34,Female,Candidate B,Jobs,4,19.7515,75.7139
983,2024-05-11 22:00:00,Madhya Pradesh,Urban,18-24,Female,Candidate A,Education,3,22.9734,78.6569
984,2024-05-11 23:00:00,Odisha,Urban,45+,Male,NOTA,Infrastructure,4,20.9517,85.0985
985,2024-05-12 00:00:00,Madhya Pradesh,Urban,18-24,Female,Candidate A,Education,5,22.9734,78.6569
986,2024-05-12 01:00:00,Uttar Pradesh,Rural,35-44,Male,Candidate B,Inflation,1,26.8467,80.9462
987,2024-05-12 02:00:00,Gujarat,Urban,35-44,Female,Candidate B,Education,4,22.2587,71.1924
988,2024-05-12 03:00:00,Madhya Pradesh,Rural,18-24,Male,NOTA,Jobs,3,22.9734,78.6569
989,2024-05-12 04:00:00,Bihar,Rural,18-24,Male,Candidate A,Jobs,4,25.0961,85.3131
990,2024-05-12 05:00:00,Madhya Pradesh,Urban,45+,Male,Candidate A,Infrastructure,2,22.9734,78.6569
991,2024-05-12 06:00:00,Madhya Pradesh,Rural,45+,Female,Candidate A,Healthcare,5,22.9734,78.6569
992,2024-05-12 07:00:00,Madhya Pradesh,Urban,18-24,Male,Candidate A,Inflation,5,22.9734,78.6569
993,2024-05-12 08:00:00,Kerala,Rural,18-24,Male,Candidate A,Inflation,5,10.8505,76.2711
994,2024-05-12 09:00:00,Kerala,Urban,18-24,Male,Candidate B,Healthcare,5,10.8505,76.2711
995,2024-05-12 10:00:00,Gujarat,Rural,18-24,Male,Candidate A,Jobs,5,22.2587,71.1924
996,2024-05-12 11:00:00,Maharashtra,Rural,25-34,Male,Candidate A,Jobs,5,19.7515,75.7139
997,2024-05-12 12:00:00,Madhya Pradesh,Urban,18-24,Male,Candidate C,Education,1,22.9734,78.6569
998,2024-05-12 13:00:00,Haryana,Urban,45+,Female,Candidate A,Infrastructure,3,29.0588,76.0856
999,2024-05-12 14:00:00,Tamil Nadu,Rural,35-44,Female,Candidate A,Infrastructure,5,11.1271,78.6569
1000,2024-05-12 15:00:00,Haryana,Rural,25-34,Male,Candidate A,Infrastructure,3,29.0588,76.0856
